index,fp_pronouns,headline,class,URL
421,1.0,Pro-Line Unveils Gas Powered Pro-2 Short Course Truck!,1,rcnewz.com
912,1.0,Corruption Watch: John Boehner's Abramoff Connection,0,www.theatlantic.com
913,1.0,Process That Converts Cotton to Boron Carbide Could Create Armored T-Shirts,0,www.popsci.com
345,1.0,Esperanto For Computational Fluid Dynamics,1,www.symscape.com
883,1.0,Cleveland Motion Controls acquires Kaliburn,0,www.automation.com
671,1.0,Uniguest Expands Portfolio of Guest-Facing Technology Solutions,0,www.businesswire.com
470,1.0,Hens lay rugby eggs as Germany aims for 7 Nations glory after footballing defeat to England,1,www.uk.diplo.de
612,1.0,Virgin America Tops Ranking of U.S. Airlines,0,time.com
521,1.0,Manchester City's parent company buys Uruguayan side Atletico Torque,0,www.bbc.co.uk
461,1.0,Leap years to be scrapped after Surrey scientists discover Earth’s orbit has slowed,1,www.surrey.ac.uk
699,1.0,GE Celebrates Grand Opening of First Additive Manufacturing Center in Pittsburgh,0,www.businesswire.com
656,0.9285714285714286,JPMorgan is targeting Silicon Valley,0,www.businessinsider.com
414,0.8571428571428571,RNIB launches guide cats for the blind scheme,1,newsthump.com
284,0.8571428571428571,New Disney Movie Announced!,1,www.animationsource.org
111,0.8333333333333334,Mortal Kombat 'Touch' Coming to iPhone,1,www.trmk.org
37,0.8,Python 2.5 Licensing Change,1,pyfound.blogspot.co.uk
977,0.75,"Regal Beloit Acquires Ramu, Inc., a Technology Company Backed by Khosla Ventures",0,www.prnewswire.com
333,0.75,Telstra announces long-awaited return of the Gold Phone,1,techgeek.com.au
732,0.7368421052631579,"Trump: If We Don’t Take Iraq’s Oil, U.S. Soldiers ‘Would Have Died In Vain’ – ThinkProgress",0,thinkprogress.org
281,0.7272727272727273,Confession: I Was “Intimate” With Presidential Pooch Bo,1,www.dollarthedog.com
245,0.7142857142857143,Library Clones Librarian,1,www.swissarmylibrarian.net
141,0.7142857142857143,MicroFundr First Pan-European VC Fund Will Use Twitter For Funding Process,1,arcticstartup.com
432,0.7142857142857143,Too cool for school? Not at Rochester,1,www.rochester.edu
416,0.7,Luther changes mascot to Fighting Gnome,1,www.luther.edu
903,0.7,Pier pressure is forcing festival to double up,0,www.smh.com.au
163,0.6923076923076923,Grand Theft Auto: Harbour City Leaked,1,uk.ign.com
177,0.6923076923076923,"Phillies announce ""New York Mets Day"" at Citizens Bank Park",1,www.thegoodphight.com
93,0.6875,Comcast acquires BitTorrent for $53bn,1,www.theregister.co.uk
433,0.6666666666666666,Intel Announces Knights Landing GPU,1,www.pcauthority.com.au
541,0.6666666666666666,Census Estimates for 2011 Show Population Growth in New York,0,www.nytimes.com
55,0.6666666666666666,blacklily8 Involved in Avatar Steroids Controversy with WoW,1,kairosnews.org
442,0.6666666666666666,Uncharted Delayed Again – Coming To Xbox One,1,mammothgamers.com
1021,0.6666666666666666,Obama calls for reduction in nuclear weapons,0,www.cnn.com
943,0.6666666666666666,Kristalbelli aims to attract trendsetting crowd,0,www.nydailynews.com
49,0.6666666666666666,Christopher Walken,1,community.livejournal.com
270,0.6666666666666666,Neston residents to bite back over Mosquito Sanctuary,1,www.aboutmyarea.co.uk
771,0.6666666666666666,Bob the Builder to get CG makeover for new show,0,www.licensing.biz
134,0.6666666666666666,Auckland area pushes to become a republic,1,www.scoop.co.nz
491,0.6521739130434783,The Last Of Us Part 2 Xbox One Edition Is A Reality,1,mammothgamers.com
287,0.65,A Burglar Alarm Company SimpliSafe Is Helping Burglars Find New Jobs,1,simplisafe.com
26,0.65,Ebichu Minds the House to be renamed Sally Cleans House,1,www.animenewsnetwork.com
423,0.6470588235294118,New Elder Scrolls Game Announced!,1,uesp.net
658,0.6428571428571429,"General Election 2015: Rainbow coalition, here we come, as the parties cosy up",0,www.independent.co.uk
145,0.625,Kingdom Hearts III for Wii,1,wiinintendo.net
185,0.6190476190476191,Earth population 'exceeds limits',1,news.bbc.co.uk
938,0.6153846153846154,An interview with Maverick Naomi Siddall,0,www.express.co.uk
321,0.6153846153846154,Council Declare Wrexham as ‘Capital City of Wales’,1,www.wrexham.com
313,0.6037735849056604,Why I Breastfeed My Sixteen-Year-Old,1,www.kveller.com
387,0.6,Disney World to cancel Wishes for new Nighttime show,1,www.chipandco.com
778,0.6,Sandi Toksvig presents export award to Waterloo firm,0,www.london-se1.co.uk
685,0.6,How exploring Mars could help us fight climate change on Earth,0,theconversation.com
392,0.6,"Witcher 3 dev says PS4, Xbox One and PC allow it to “go nuts” with visuals",1,www.gamespot.com
139,0.6,Apple and McDonald's Team Up Unveil iMc,1,www.tomshardware.com
1003,0.6,"Madonna to Reunite Mercy, David With Their Families in Malawi",0,www.usmagazine.com
808,0.6,AT&T Stadium to host live entertainment festival KAABOO in 2019,0,www.wfaa.com
260,0.6,The Partridge Family: Rock Band coming early 2011,1,www.thetanooki.com
78,0.6,Mutable variables eliminated from .NET,1,lambda-the-ultimate.org
572,0.6,A 'To Do' List for US Troops Now Arriving in Haiti,0,www.huffingtonpost.com
51,0.6,Safety-Critical Ajax,1,ajaxian.com
916,0.5961538461538461,Picturing 'techies': photo project captures the unseen diversity of Silicon Valley,0,www.theguardian.com
1000,0.5925925925925926,"More on Obama, exceptionalism, and impromptu speaking",0,www.theatlantic.com
737,0.5909090909090909,Strategic Trends and Issues in Supply Chain Management,0,www.scdigest.com
915,0.5833333333333334,"Thailand pledges rice, India to repress hoarding as prices rise",0,www.livemint.com
48,0.5833333333333334,Rumsfeld Resigns!,1,latte.blogs.com
104,0.5789473684210527,A1 Exclusive: NTT Docomo and Sony Corp to Merge,1,mobileinjapan.com
213,0.5789473684210527,BREAKING: Phillies Jamie Moyer agree to two-year contract extension,1,www.thegoodphight.com
885,0.5714285714285714,Twickenham to host Argentina v Australia Rugby Championship clash,0,www.theguardian.com
88,0.5714285714285714,Mexico to hire Bruce Arena as national team coach,1,sbisoccer.com
59,0.5714285714285714,Ocean Rowing Named Olympic Sport,1,www.row2k.com
35,0.5714285714285714,JABEZ DOLOTZ talks to British conductor Sir Henry Collard-Barker about experiences in and out of the concert hall,1,www.mvdaily.com
223,0.5652173913043478,Never a Dull Sketch: Announcing Sharpiener from ZURB,1,zurb.com
315,0.5555555555555556,Magnetised fermentation to revolutionise brewing,1,www.brewsnews.com.au
5,0.5555555555555556,Half-Life 2 to Use Serious Engine 2.0,1,www.seriouszone.com
383,0.5555555555555556,Win your own Higgs boson,1,www.quantumdiaries.org
21,0.5555555555555556,"Discovery of ""Extinct"" Butterfly",1,nlamore.blogspot.co.uk
101,0.5555555555555556,Monitor return rates soar amidst dead pixel pandemic,1,hexus.net
415,0.5517241379310345,Nintendo Joins the Remaster Crowd with Superman: Remastered,1,www.the-gamers-lounge.com
2,0.5454545454545454,Aspyr Announces New Sims Expansion Pack,1,www.insidemacgames.com
39,0.5454545454545454,Fight For Flavor: Victory!,1,www.afterglide.com
641,0.5454545454545454,"CSC and HPE's services division merge, become DXC Technology",0,www.datacenterdynamics.com
786,0.5454545454545454,Selena Gomez: I had a 'mini breakdown' filming racy 'Spring Breakers',0,www.foxnews.com
399,0.5416666666666666,Boeing Cupertino to 'explore weaponisation of Apple technologies',1,www.theregister.co.uk
97,0.5384615384615384,NASA employs ITIL to provide fully automated lights-out IT operations for all future space missions,1,www.itskeptic.org
40,0.5384615384615384,WindowBlinds acquired by Yahoo,1,www.wincustomize.com
237,0.5384615384615384,Linus Torvalds joins Microsoft next-gen OS team quits Linux,1,www.itwire.com
424,0.5384615384615384,TOMORROWLAND FRANK-furter and Frank Sipper to Debut at Disneyland,1,www.tomorrowlandtimes.com
243,0.5333333333333333,Scouting an Abandoned Hotel in Southern California,1,www.scoutingny.com
408,0.5333333333333333,Twitter Reaches Maximum Tweet Capacity,1,pc.net
11,0.5333333333333333,Tiger Woods signs long-term deal with Apple Computer as Mac OS X ‘Tiger’ spokesperson,1,macdailynews.com
949,0.5294117647058824,Strahovski relishes normal girl role,0,www.smh.com.au
487,0.5263157894736842,"Vegas Golden Knights Uniform Leaks, Features LED Lights",1,news.sportslogos.net
429,0.5238095238095238,BREAKING: Halo 5:Guardians to be released on PlayStation 4,1,mammothgamers.com
969,0.52,"LBS 2.0: Don't Just Map It, Manipulate It",0,gigaom.com
327,0.52,Conan O'Brien Buys Mashable Ousts Pete Cashmore as CEO,1,mashable.com
683,0.5172413793103449,Lewis keen to return to winning ways in Bahrain,0,www.phnompenhpost.com
195,0.5142857142857142,Bendis & Maleev to adapt ‘Waiting For Godot’ for Marvel Classics,1,www.comicmix.com
1006,0.5128205128205128,Jo plans to stick with Toffees as striker sets sights on summer move to Everton,0,www.dailymail.co.uk
57,0.5,Karl Rove joins Google's Board of Directors as head of Blogger,1,placebokatz.blogspot.co.uk
398,0.5,Six Flags Announces Hunger Games Theme Park ‘The World of Panem’,1,www.jabberjays.net
192,0.5,Bryan Pape Gunned Down On His Way To Court,1,ozaccounting.com.au
131,0.5,Spotlight in Snow Leopard to include Bible Lookup,1,macbiblioblog.blogspot.co.uk
397,0.5,EXCLUSIVE: Lyrics from Adam Lambert's New Song Leaked!,1,www.spinorbinmusic.com
990,0.5,Spas provide bright spot for tourism,0,www.theage.com.au
443,0.5,BMW invents revolutionary baby shoes that will stop your toddler from falling over,1,www.mirror.co.uk
452,0.5,BREAKING NEWS – iPhone VR Confirmed,1,mammothgamers.com
283,0.5,Style Icon: Kristen Stewart,1,prettyshinysparkly.com
276,0.5,Coalition plans tax on fresh air to 'help improve environment',1,www.mirror.co.uk
161,0.5,BREAKING NEWS: the17thman Goes For 2012,1,the17thman.typepad.com
777,0.5,HP Rolls Out ‘Pavilion dv3000 Entertainment Notebook PC’ In Indian Market,0,www.topnews.in
63,0.5,Britney Spears passes away 1981-2007,1,popculturepundit.blogspot.co.uk
273,0.5,Breaking News: Justin Bieber Quits Label; Cancels Singapore Tour,1,www.spinorbinmusic.com
32,0.5,Google AdWords Unveils Two New Image Sizes,1,www.adotas.com
142,0.5,OSNews Goes Open Source,1,www.osnews.com
263,0.5,Ferrets key to bridging the digital divide between cities and rural areas,1,www.telegraph.co.uk
261,0.5,Rumour: Apple working on iPad nano,1,www.macworld.co.uk
436,0.5,Navier-Stokes Equations Renamed,1,www.symscape.com
907,0.5,NASA Demonstrates Novel Ocean-Powered Underwater Vehicle,0,www.jpl.nasa.gov
910,0.5,"CEO of the Year Brian Thomas Joins Jemez Technology, Axis Communications®’ Technology Integration Partner of the Year",0,www.businesswire.com
299,0.5,Square Enix Acquires Gust Corporation,1,www.rpgfan.com
688,0.5,Rambo... no it's Lambo the monster of the flock,0,www.express.co.uk
376,0.5,Train QR Code Hits The Buffers,1,2d-code.co.uk
308,0.5,Government set to curb foreign authors,1,www.thebookseller.com
640,0.5,Riverbed Technology appoints Paul Mountford as CEO,0,www.business-standard.com
367,0.5,Counterintuitive Usability With The Questionable Approach,1,www.symscape.com
870,0.5,US ambassador barred from Prague Castle by Czech president,0,www.bbc.com
621,0.5,Chilled out Richardson,0,news.bbc.co.uk
974,0.5,Cosmetic Surgery on the Rise in the US,0,www.webmd.com
855,0.5,HP Pavilion dv3000 Entertainment Notebook PC unveiled in India,0,www.techshout.com
180,0.5,Just Creative Design Switches To Comic Sans,1,justcreative.com
611,0.5,"Ford is the leading self-driving car manufacturer – ahead of Waymo, Tesla and Uber",0,www.wired.co.uk
881,0.5,"Prague Treaty Cuts Are Modest, Real",0,www.armscontrolwonk.com
434,0.5,Disney cancels partnership with Coca-Cola signs agreement with Pepsi.,1,www.chipandco.com
475,0.5,Japan to Replace Entire Written Language with Emojis,1,pc.net
108,0.5,Legend of Zelda Movie Trailer Premiere,1,uk.ign.com
466,0.5,Watch the incredible moment dog becomes first pooch to pilot a plane following weeks of coaching,1,www.mirror.co.uk
600,0.5,Whatever Happened to the “Common Good”?,0,ideas.time.com
69,0.5,SlickDeals FatWallet join forces launch new site,1,probargainhunter.com
224,0.5,Phantagram to Release TA2 in August! ,1,www.tauniverse.com
391,0.5,"Nintendo Re-issues Special Edition ""Cartridge Classics""",1,www.the-gamers-lounge.com
396,0.5,First Look: Traxxas T-Maxx 4S 4-Stroke,1,rcnewz.com
937,0.5,Miley Cyrus performs at the Academy of Country Music Awards,0,www.silive.com
682,0.4947368421052632,'This I Believe' Invites Citizens to Share Beliefs,0,www.npr.org
95,0.4918032786885246,A Confession: I Still Use Windows 3.1,1,uk.pcmag.com
551,0.4878048780487805,Trump slump: Drop in American tourism is costing US billions,0,www.independent.co.uk
201,0.4814814814814815,'AMTV' First of Many Changes in Store at MTV ,1,atrl.net
152,0.4736842105263158,Tough Times Call For Tough Measures,1,www.prweb.com
426,0.4705882352941176,BTS turn into 'Bangtan Girls' for April Fool's!,1,www.allkpop.com
459,0.4705882352941176,Nicolas Cage set to be the voice actor for Final Fantasy XV,1,mammothgamers.com
417,0.4690265486725664,Fighting the Good Fight: An Iconic Moustache Returns to the Stage,1,andrewolson.com
389,0.4666666666666667,Houseplan’s “Home Delivery”,1,houseplansllc.tumblr.com
257,0.4666666666666667,Apple drops Mac in favour of booming ‘iPlatform’,1,www.macworld.com.au
501,0.4666666666666667,“Humpty Dumpty” particle discovered,1,home.cern
536,0.4651162790697674,Watch Kings of Leon's Surreal Video Trilogy,0,ew.com
319,0.4642857142857143,News: Report reveals government plans to treat disabled people “like actual human beings” in 2015 ,1,limpingchicken.com
1024,0.4621212121212121,EXCLUSIVE: Usain Bolt says he's the fastest man on Earth - and the cleanest,0,www.dailymail.co.uk
763,0.4615384615384616,School board candidates make their cases: Brian Assadourian,0,www.nj.com
350,0.4615384615384616,Kidrobot's next Dunny is designed by… Banksy!?! ,1,www.spankystokes.com
404,0.4615384615384616,"Peter, Jenna & Steven Leaving at Christmas",1,www.whyruntothetardis.com
887,0.46,Married to a Politician,0,www.theatlantic.com
112,0.4583333333333333,PHILTHY MEMO KICKS FLYERS OUT OF PLAYOFFS,1,openhockey.blogspot.co.uk
344,0.4565217391304348,"Megadeth To Perform ""Peace Sells... but Who's Buying?"" In Its' Entirety At Download Festival",1,thegauntlet.com
28,0.4558823529411765,Exclusive interview with the Half-Blood Prince,1,hpana.com
236,0.4545454545454545,Final Fantasy VII Heading to Nintendo DS,1,www.cubed3.com
123,0.4477611940298508,The Weinstein Company Going French Crazy at Cannes,1,bloody-disgusting.com
259,0.4462809917355372,In Unprecedented Deal Google and Apple Team Up to Privatize the FCC,1,www.videonuze.com
332,0.4444444444444444,Super7's new line of action figures revealed! Teaser #4 makes sense!,1,www.spankystokes.com
318,0.4444444444444444,Adobe To Charge Developers Per Centimeter Of ActionScript Code,1,www.8bitrocket.com
473,0.4444444444444444,KNAC coming back to the airwaves – Metal Riot,1,metalriot.com
378,0.4444444444444444,Panthers escape from Drayton Manor zoo,1,riderater.co.uk
150,0.4444444444444444,Excl: Batman sequel news,1,www.joblo.com
242,0.4444444444444444,Hasbro Gets Transformers In Your G.I. Joe This Summer,1,www.cinemablend.com
950,0.4426229508196721,Memorable Sports Game Shows,0,bleacherreport.com
430,0.44,CERN researchers confirm existence of the Force,1,home.cern
164,0.4375,Troubling details of Nolan’s ‘Shadow of the Bat’ revealed,1,www.incontention.com
701,0.42857142857142855,Mike Manos Moves From AOL to First Data,0,www.datacenterknowledge.com
810,0.42857142857142855,IEEE Launches Global Initiative to Advance Ethics in Technology > ENGINEERING.com,0,www.engineering.com
713,0.42857142857142855,NVIDIA Announces Tesla P100 Accelerator - Pascal GP100 Power for HPC,0,www.anandtech.com
291,0.42857142857142855,Super angels create incubator for incubators,1,vator.tv
497,0.42857142857142855,Ancient particle accelerator discovered on Mars,1,home.cern
405,0.42857142857142855,GMT obsolete as prime meridian moves to Paris,1,www.timeanddate.com
610,0.42857142857142855,"KAABOO Texas Entertainment Event Will Debut May 3-5, 2019 At AT&T Stadium",0,www.dallascowboys.com
323,0.42857142857142855,"Andrew Bell's ""Mini Giant Zlik"" set for release?!?",1,www.spankystokes.com
764,0.42857142857142855,First-Ever High-Goal Polo League Formed,0,www.prweb.com
347,0.42857142857142855,Queen Elizabeth announces appointment of Catholic as next Archbishop of Canterbury,1,anglicanusenews.blogspot.co.uk
485,0.42857142857142855,"Amp Commissioned For ""Don't Copy That: No Longer Floppy""",1,www.soldierx.com
994,0.42857142857142855,"US President Obama backs Turkey's EU bid, France renews opposition",0,www.hurriyet.com.tr
895,0.42857142857142855,Has U.S. Unemployment Bottomed?,0,seekingalpha.com
65,0.42857142857142855,Microsoft to pull out of South Africa,1,eishcoza.blogspot.co.uk
1010,0.42857142857142855,WD Scorpio Black and Scorpio Blue Hard Drive Review,0,www.notebookreview.com
23,0.42857142857142855,Bush twins to join Air Force tech unit in Iraq,1,www.theregister.co.uk
995,0.42,Q&A: Atheist Author Gina Welch on Joining Evangelicals,0,content.time.com
61,0.4195804195804196,Nixon's Eighteen-Minute Gap,1,www.poopreport.com
891,0.4186046511627907,To Become an American,0,www.washingtonpost.com
294,0.4166666666666667,Libyan Defector Moussa Koussa Invited to Royal Wedding,1,www.londonnet.co.uk
365,0.4166666666666667,Peter Dinklage Replaced for Game of Thrones Season 4,1,hbowatch.com
356,0.4166666666666667,bRyanair to challenge Virgin Galactic in low-cost space travel,1,www.whichairline.com
1031,0.4166666666666667,Is Mud Wrestling a Sport?,0,bleacherreport.com
191,0.4166666666666667,Nintendo Demos Hardcore Smash Bros. Wii,1,uk.ign.com
507,0.4166666666666667,Wanna work for El Reg? Developers needed for headline-writing AI bots,1,www.theregister.co.uk
941,0.4157303370786517,How a Scots schoolgirl became India's newest star,0,www.dailyrecord.co.uk
472,0.4117647058823529,"Trump shocks come fast, furious and postal",1,www.everygoddamnday.com
571,0.4117647058823529,Bradford Bulls position is scary - Matt Diskin,0,www.bbc.co.uk
659,0.4074074074074074,Leicester City promoted to Premier League after 10-year absence,0,www.bbc.co.uk
560,0.4,Farewell to a very British way of death,0,www.independent.co.uk
377,0.4,Amazon Tube to Revolutionize Online Shopping,1,pc.net
72,0.4,If You Can Name It They Can Sculpt It,1,www.npr.org
567,0.4,Pfizer Inc. and Marvell Technology Group Ltd. Jump As Stocks Sink,0,www.fool.com
70,0.4,Caedium on Cover of Wired Magazine,1,www.symscape.com
167,0.4,Wollongong lighthouse is leaning: study,1,www.illawarramercury.com.au
386,0.4,EXCLUSIVE: OcUK Debuts Wire-free SATA Adaptors,1,www.eteknix.com
987,0.4,Walcott bent on bringing Barça down,0,www.uefa.com
144,0.4,Meteorite strikes Cottesloe beach,1,www.watoday.com.au
115,0.4,Fluegel's 'B-Flat' Starts on a Good Note,1,www.npr.org
586,0.4,Worcester Warriors defence coach Phil Larder extends deal,0,www.bbc.co.uk
585,0.4,BET’s Centric Adds Entertainment Studios Sitcoms ‘First Family’ And ‘Mr Box Office’,0,deadline.com
802,0.4,Judge Judy recovering after health scare,0,www.sheknows.com
773,0.4,New powder coating technology for composites,0,www.compositesworld.com
204,0.4,3-in-1 Google,1,googlesystem.blogspot.co.uk
513,0.4,"Unbelievable! Linux Mint Ditches Ubuntu, Will Be Based on Arch Linux Now",1,itsfoss.com
962,0.4,Summer Comes Early for Hollywood (and Christmas Comes Early for Vin Diesel),0,carpetbagger.blogs.nytimes.com
458,0.4,VCU announces new tattoo requirement for current and prospective students,1,news.vcu.edu
846,0.4,Naomi Klein takes on Trump's 'shock politics',0,www.thebookseller.com
456,0.4,Royal Caribbean to launch Orbiter of the Galaxies spaceship by 2030,1,www.breakingtravelnews.com
91,0.3965517241379311,Jimmy Wales resigns from Wikipedia,1,www.theregister.co.uk
735,0.3953488372093023,From porn queen to teenage adviser,0,www.richmondandtwickenhamtimes.co.uk
338,0.3939393939393939,IPhone 5 Early Hands On Review.,1,www.8daysageek.com
624,0.39130434782608703,"Squatters to own £500,000 house",0,news.bbc.co.uk
353,0.39130434782608703,Theory of the Stork: New Evidence,1,perfecthealthdiet.com
125,0.39130434782608703,Scientists admit global warming is a hoax,1,www.csmonitor.com
1018,0.3902439024390244,"Obama, In Prague, Calls For Elimination Of Nuclear Weapons",0,www.rferl.org
833,0.3888888888888889,Hot job in Germany: nuclear engineer,0,www.csmonitor.com
346,0.3870967741935484,Apple drops 'thermonuclear' patent bombshell,1,www.theregister.co.uk
311,0.38461538461538464,Silvio Berlusconi supports Class 40 campaign,1,www.thedailysail.com
575,0.38461538461538464,McKelvey is 174th horse to die in a race in just one year,0,www.independent.co.uk
138,0.38461538461538464,Review: Windows Mobile 6.5 for iPhone,1,www.macworld.com.au
558,0.38461538461538464,Top 10 Recut Movie Trailers on YouTube [VIDEOS],0,mashable.com
724,0.38461538461538464,Hitachi 20GB Microdrive introduction,0,www.letsgodigital.org
412,0.38461538461538464,Domino’s Rolls Out Driverless Delivery Vehicles,1,www.dominos.co.uk
680,0.38461538461538464,Hoofing with the stars,0,www.theage.com.au
410,0.38461538461538464,CERN to switch to Comic Sans,1,home.cern
343,0.3783783783783784,Authorities Apprehend the Hacktivist Known as th3j35t3r,1,www.infosecisland.com
60,0.375,Court permanently enjoins use of Electronically Stored Information in Bankruptcy!,1,e-everything4bk.blogspot.co.uk
89,0.375,Oldsmobile Brand Returns to Market,1,www.automobilemag.com
633,0.375,Trainer Tony Martin aims for second Irish National win,0,news.bbc.co.uk
714,0.375,"Telecoms must address technology disrupters, says LetterOne head",0,www.ft.com
717,0.375,OCZ Vertex 4 Review: A Flagship SSD Powered By...Indilinx?,0,www.tomshardware.com
642,0.375,First look: Sadiq Khan's official Mayoral election campaign video,0,www.standard.co.uk
690,0.375,CDC: U.S. Teen Birth Rate Fell to Record Low in 2009,0,abcnews.go.com
631,0.375,Can Chinese Technology Policy Tell Us Anything About Cyber?,0,www.cfr.org
121,0.375,Breaking: Game Pirates Preparing to Legally Win the Console Wars,1,www.unigamesity.com
107,0.375,Ford’s Coal-to-Liquids Concept Vehicle: Release in 2010,1,gas2.org
812,0.375,Robot mannequin technology to test army suits against chemical warfare,0,www.standard.co.uk
157,0.375,The Big Bang Cubed,1,thespacewriter.com
517,0.375,Idaho Potato Commission Trades in Big Idaho® Potato Truck for Big Idaho French Fry Truck,1,idahopotato.com
238,0.375,Bleem! Re-Emerges with Bleem! 360 and Bleem! PS3 Emulators for PC Mac and iPad,1,www.geekazine.com
989,0.3728813559322034,Superbike champ James Toseland set to play Scots charity gig,0,www.dailyrecord.co.uk
54,0.37142857142857133,A Year in the Umma,1,gatesofvienna.blogspot.co.uk
148,0.3684210526315789,Tron Will Fight Skynet,1,www.giantfreakinrobot.com
465,0.3673469387755102,ZackSnyder Exits The Justice League movie “For Personal Reasons”,1,www.badsoundingsentences.com
12,0.36666666666666653,Passion High Scooped,1,www.coldhardflash.com
403,0.36666666666666653,Canine Translator—Future of Dog Guide–Human Communication?,1,www.afb.org
160,0.3636363636363637,Economic Woes Drive Rural Telegraphy Initiative,1,t1rex.blogspot.co.uk
106,0.3636363636363637,Microsoft Announces Open Halo,1,mrcopilot.blogspot.co.uk
993,0.3636363636363637,US consulate in Peshawar attacked by Pakistan Taliban,0,www.csmonitor.com
857,0.3636363636363637,Simpsons movie: it's coming,0,www.smh.com.au
490,0.3636363636363637,BEWARE The Daughters of Aku! by timbox129,1,timbox129.deviantart.com
58,0.3636363636363637,Next Version Of Java To Allow Division By Zero,1,kimota94.blogspot.co.uk
136,0.3636363636363637,Conroy scraps filter blacklist,1,www.zdnet.com
1026,0.36,"At the Huntington, the synergy grows – LA Times",0,www.latimes.com
438,0.35714285714285715,Jeremy Kyle DNA testing kit sells out at Home Bargains in Nottingham,1,www.nottinghampost.com
388,0.35714285714285715,Bulbagarden webmaster missing after immigration flub,1,bulbanews.bulbagarden.net
46,0.35714285714285715,"Blur to make ‘dirty, nasty, filthy’ new album",1,www.nme.com
696,0.35714285714285715,Joss risks millions by moving in with her beau,0,www.hellomagazine.com
566,0.35714285714285715,PM hints at help for diesel car owners over 'toxin tax',0,www.bbc.co.uk
402,0.35714285714285715,BBC Reveal Casting of the Master!,1,www.combom.co.uk
178,0.3538461538461539,Redbox to Offer Movie Streaming Service Compete with Netflix,1,www.insideredbox.com
743,0.3538461538461539,Rob Brydon on comedy politics and dining with his co-star Steve Coogan for The Trip to Italy,0,www.independent.co.uk
825,0.35294117647058826,Singapore targets investment in 'disruptive' technologies,0,www.reuters.com
836,0.35135135135135137,George Galloway Twitter row brings sales spike for Bradford brewery,0,www.telegraph.co.uk
519,0.35,EXCLUSIVE: Lin-Manuel Miranda Working on Musical of Tommy Wiseau's The Room,1,www.theatermania.com
868,0.35,German president attacks 'irresponsible' Brexit campaign,0,www.theguardian.com
303,0.3478260869565217,Five shocking secret plans for a nation at wars,1,occasionalplanet.org
516,0.3461538461538461,The Room is coming to Switch!,1,www.newgrounds.com
921,0.3428571428571429,Surf and Quiet Amid the Pines of the Central Coast,0,www.nytimes.com
175,0.3428571428571429,Lame frog gets his leg back in world first operation,1,www.telegraph.co.uk
838,0.3424657534246575,How Technology Is Helping To Save U.S. Soldiers' Adopted Canine Friends From An Uncertain Fate,0,www.forbes.com
102,0.3409090909090909,Shut Up and Drive: Congress Passes Nationwide Law to Ban Cell Phone Use While Driving,1,www.cio.com
978,0.3404255319148936,Ohio Lawmakers Object Against Replace Ulysses S. Grant on $50 Bill With Reagan,0,abcnews.go.com
934,0.3394495412844037,'Mock the disabled? Me?': Ricky Gervais on how he has been misunderstood,0,www.independent.co.uk
894,0.3382352941176471,"A Conversation With Dave Arnold, FCI Director of Culinary Technology",0,www.theatlantic.com
334,0.3333333333333333,News Flash: Creationism Proven Correct! Richard Dawkins Discovered to Be God,1,tennterakoya.blogspot.co.uk
476,0.3333333333333333,Fishergate bollard to become ‘6ft piece of public art’,1,www.lep.co.uk
515,0.3333333333333333,"DeviantArt Originals: By Artists, For Artists by Heidi",1,heidi.deviantart.com
493,0.3333333333333333,Overwatch 2 Officially Announced,1,mammothgamers.com
335,0.3333333333333333,Google Analytics now plays the Sitar & Piano,1,www.matthewsweet.net
17,0.3333333333333333,Bush Cancels Space Shuttle Program,1,www.spacedaily.com
14,0.3333333333333333,Satellite Spam Scan,1,www.eridani.co.uk
964,0.3333333333333333,IT News Africa – Africa's Technology News Leader,0,www.itnewsafrica.com
113,0.3333333333333333,Apple to bundle Windows Vista with Mac laptops and desktops,1,www.itproportal.com
395,0.3333333333333333,Ant and Dec fall out; Dec reinvents self as ‘Dec’,1,metro.co.uk
590,0.3333333333333333,Two officers honored for helping save girl’s life,0,www.bgdailynews.com
573,0.3333333333333333,Mayor sends in troops after alien April Fool panic,0,www.telegraph.co.uk
596,0.3333333333333333,Scott Dann: Crystal Palace captain suffers knee ligament injury,0,www.bbc.co.uk
998,0.3333333333333333,Dabur targets 10% share in anti-dandruff shampoo market,0,www.livemint.com
71,0.3333333333333333,Snakes & Arrows to debut new 8TRACK Album format,1,www.rushisaband.com
36,0.3333333333333333,"Lucasfilm announces ""Adult"" Star Wars Novel Line",1,locusmag.com
33,0.3333333333333333,China buys Google,1,www.theregister.co.uk
431,0.3333333333333333,Fan boost set to spice up Bathurst 1000,1,www.speedcafe.com
18,0.3333333333333333,Click here for your custom-built Reg,1,www.theregister.co.uk
84,0.3333333333333333,Superman To Be Published By ComicMix In Wake Of Legal Ruling,1,www.comicmix.com
445,0.3333333333333333,New Screen for Edinburgh's Iconic Filmhouse,1,www.filmhousecinema.com
354,0.3333333333333333,Interflora’s new animal print roses are the height of fashion,1,blog.interflora.co.uk
446,0.3333333333333333,KoHoSo Radio 66 to become Disco Radio 77,1,www.kohoso.us
186,0.3333333333333333,New Nikon D4.1 Digital SLR to be Announced This Week,1,www.earthboundlight.com
1038,0.3333333333333333,Look under 25? You’ll need to show ID to buy alcohol at Costcutter,0,www.london-se1.co.uk
221,0.3333333333333333,Abba dare to change the names of Welsh towns,1,www.walesonline.co.uk
707,0.3333333333333333,Swiss town fights Champagne ban,0,news.bbc.co.uk
265,0.3333333333333333,Puscifer Announce Australian Dates!,1,www.fourtheye.net
143,0.3333333333333333,Review: Apple McIntosh,1,www.macworld.com.au
262,0.3333333333333333,Westboro Baptist Church appoints first gay minister,1,blog.equaldex.com
927,0.3333333333333333,Five Bear Survivors In JPMorgan Reorg,0,www.forbes.com
190,0.3333333333333333,Obama Administration to Sell Internet to China for $350 Billion,1,463.blogs.com
289,0.3333333333333333,Apple to launch Vatican City Apple Store,1,thenextweb.com
290,0.3333333333333333,Texas Woman Grows GIANT Rose!,1,www.flowershopnetwork.com
212,0.3333333333333333,ProBlogger Acquired by Google,1,problogger.com
158,0.3333333333333333,Privacy Campaigners U-Turn and Offer Support for Phorm,1,www.ispreview.co.uk
780,0.3333333333333333,Pope died of septic shock: Vatican,0,www.smh.com.au
300,0.3333333333333333,Study Finds Consuming Ozonated Beer Reverses Aging Process,1,www.ozonesolutions.com
229,0.3333333333333333,Microsoft Acquires Novell,1,boycottnovell.com
785,0.3333333333333333,Why is Samsung’s breakthrough in graphene research so promising for next generation electronics?,0,www.androidauthority.com
314,0.3333333333333333,Twitter inches toward profit through Google micropayments,1,www.abc.net.au
218,0.3333333333333333,"AMD readies ""lottery-core"" CPUs",1,www.alphr.com
698,0.3333333333333333,Greenslade joins C4 as commissioning editor for factual entertainment,0,realscreen.com
873,0.3333333333333333,15 Facts About U.S. Income Inequality That Everyone Should Know (CHARTS),0,www.huffingtonpost.com
666,0.3278688524590164,"Imus called women's basketball team ""nappy-headed hos""",0,www.mediamatters.org
578,0.3275862068965517,Natural order,0,www.smh.com.au
817,0.32653061224489793,Greg Norman back to the scene of the Great White Flag,0,www.telegraph.co.uk
514,0.3235294117647059,Muppet Babies Has Been Cancelled,1,muppetmindset.wordpress.com
330,0.3207547169811321,"Punch and Judy man told ""that's not the way to do it"" by health and safety officials",1,www.walesonline.co.uk
561,0.32,"Mize's moment brings memories of glory, despair",0,www.theage.com.au
277,0.3181818181818182,Lady Gaga Launches Fashion Line Made from Discarded Meat,1,www.treehugger.com
455,0.3181818181818182,Devastation as Felix the Huddersfield Station Cat is poached to move to Leeds Station,1,www.examiner.co.uk
92,0.3181818181818182,Breaking News – Card numbers exposed by card associations using state of the art malware attack,1,www.paymentsystemsblog.com
253,0.3170731707317073,Comics Industry to Brad Meltzer: Please Quit,1,uk.ign.com
43,0.3157894736842105,A Perilous Encounter with the I-Bod,1,www.npr.org
858,0.3157894736842105,Channel 4 News filmmakers reveal six week ordeal in Sudanese detention,0,www.channel4.com
954,0.315,Seth Rogen's lazy characters belie a Type A actor on the rise,0,www.nj.com
234,0.3142857142857143,Woodland Princess – Scientists discover Rhine valley woodland city,1,www.xenite.org
837,0.3125,Using whitelisting technology to defend against POS malware,0,searchsecurity.techtarget.com
958,0.3125,Mercury mystery in state waters,0,www.denverpost.com
105,0.3125,McCain Chooses Al Gore For Vice President,1,www.ecorazzi.com
477,0.3125,Uniting A Fandom of Pears,1,danlev.deviantart.com
892,0.3125,"MGM Bets on Live Events With T-Mobile Arena, New Theater",0,www.billboard.com
428,0.3076923076923077,BeautifulPeople Founder Kicked From Site for Being Ugly,1,www.onlinedatingmagazine.com
240,0.3076923076923077,HP Announces New “Bling” Line of Home Servers,1,www.mediasmartserver.net
467,0.3076923076923077,NASCAR Announces '20 Is Plenty' Marketing Campaign,1,www.planetizen.com
1037,0.3043478260869565,Several giant cats could be on prowl in the countryside,0,www.worcesternews.co.uk
965,0.3043478260869565,FDA looks toward major IT overhaul -- Washington Technology,0,washingtontechnology.com
27,0.3,Hi-Viz Banana Pioneered.,1,www.aerostich.com
1022,0.3,Who cares if action's not real: WrestleMania is a hit,0,www.chron.com
360,0.3,New brewery trademarks 'Any Beer',1,www.brewsnews.com.au
1030,0.3,N.Y. hospital taps Microsoft to digitize records,0,www.cnet.com
170,0.2988505747126437,ASO in velodrome dilemma for Roubaix,1,autobus.cyclingnews.com
648,0.2978723404255319,David Haye v John Ruiz: Nikolai Valuev and Klitschko brothers next on the horizon - and then retirement,0,www.telegraph.co.uk
630,0.29411764705882354,Mick Philpott case: Cameron backs Osborne over comments,0,www.bbc.co.uk
1029,0.29411764705882354,US strikes Haqqani Network in North Waziristan,0,www.longwarjournal.org
481,0.29411764705882354,Reg now behind invisible HTML5 Bitcoin paywall,1,www.theregister.co.uk
352,0.2926829268292683,Firefly: The Arcade Game Celebrates 10th Anniversary of Short-Lived TV Show,1,arcadeheroes.com
30,0.2916666666666667,Nintendo Revolution | Pikmin 3 Confirmed for Launch,1,www.cubed3.com
6,0.2916666666666667,Zabel asks for height regulations to podiums,1,autobus.cyclingnews.com
800,0.2916666666666667,US arrests Guinea-Bissau ‘drug kingpin’ Na Tchuto,0,www.channel4.com
532,0.2916666666666667,Swans pair arrested over insults,0,news.bbc.co.uk
31,0.2891566265060241,Bush preps historic Third Term - memo,1,www.theregister.co.uk
568,0.288135593220339,Our politics are more confusing than ever — but we must understand what's at stake this election,0,www.independent.co.uk
173,0.2878787878787879,Fabio Capello Resigns As Kevin Keegan Is Appointed England Coach,1,www.goal.com
295,0.2857142857142857,OK Go's Damian Kulash Crafts Pro-Dial-Up Anthem,1,www.npr.org
449,0.2857142857142857,Tempe Lake to Get 1.6MSF ‘Nessy’ Project,1,azbex.com
413,0.2857142857142857,This one weird trick deletes any YouTube flick in just a few clicks,1,www.theregister.co.uk
996,0.2857142857142857,It's Run-DMC's claim to Fame,0,www.nydailynews.com
761,0.2857142857142857,Mexicali Earthquake Photos: Twitter Tells the Story [PICS],0,mashable.com
734,0.2857142857142857,Royal National College's new centre to put Hereford city on sporting map,0,www.herefordtimes.com
122,0.2857142857142857,Daniel Craig Quits the Role of James Bond,1,www.007james.com
675,0.2857142857142857,How Everyone Else Pays for Big Business's Tax Breaks,0,www.usnews.com
474,0.2857142857142857,Grand National bosses approve personal stereos for horses in race shake-up,1,www.mirror.co.uk
168,0.2857142857142857,The 10 Hottest New Windows 7 Features,1,www.pcmag.com
856,0.2857142857142857,Shuttlewood’s all at sea,0,www.thisiswiltshire.co.uk
184,0.2857142857142857,Conficker - Is it REALLY a Virus?,1,www.techwarelabs.com
601,0.2857142857142857,Maryland puts gift card bounty on 'fish from hell',0,www.foxnews.com
279,0.2857142857142857,It's a fair way to the next tee so why not take the travelator if you're feeling below par?,1,www.dailymail.co.uk
384,0.2857142857142857,Moon or Frying Pan? ,1,apod.nasa.gov
83,0.2857142857142857,U.K Government Propose New Anti-Piracy Scheme,1,strangeglue.com
76,0.2857142857142857,Hidden 3DS Max Display Mode Revealed,1,www.blendernation.com
10,0.2857142857142857,Cisco to merge with Nabisco,1,www.theregister.co.uk
357,0.2857142857142857,Joseph Kony arrested in Garamba National Park,1,www.benkling.com
512,0.2830188679245283,Review: The Petzi Treat Cam is a camera with an integrated pet feeder,1,www.dpreview.com
622,0.28205128205128205,"If anyone can, Kan can",0,www.chinadaily.com.cn
325,0.28125,Amnesty for hosepipe owners as drought bites,1,www.independent.co.uk
269,0.28,Continued Existence Of Edible Arrangements Disproves Central Tenets Of Capitalism,1,www.theonion.com
818,0.2786885245901639,Via Ponte in Stockton: You'll want to keep going back,0,www.nj.com
650,0.2777777777777778,"School bans boy, 3, over haircut",0,news.bbc.co.uk
165,0.2777777777777778,World First Pinot Chocolat,1,www.scoop.co.nz
305,0.2777777777777778,Advances In 3-D May Mean No Ridiculous Glasses,1,www.npr.org
744,0.27586206896551724,Monoprice Noise Canceling Headphone review:,0,www.cnet.com
853,0.27586206896551724,Manchester United v Bayern Munich: Wayne Rooney could return in Champions League,0,www.telegraph.co.uk
574,0.2738589211618257,The way words work,0,www.theage.com.au
509,0.2727272727272727,Wii U Games Playable on Nintendo Switch with USB add-on!,1,www.sm128c.com
266,0.2727272727272727,United States Imposes Sanctions Against Australia Over Internet Censorship,1,www.inquisitr.com
75,0.2727272727272727,Have Cell Phone Rings Gone Too Far?,1,www.npr.org
618,0.2727272727272727,Tiny water desalination device could help aid efforts,0,physicsworld.com
341,0.2727272727272727,Unicorn Cookbook Found at the British Library,1,britishlibrary.typepad.co.uk
632,0.2727272727272727,Caribbean film festival sets Barbados alight,0,jamaica-gleaner.com
247,0.2727272727272727,BREAKING NEWS : St. Louis Rams Trade First Overall Pick For Brett Favre McNabb To Vikings,1,www.sportsfan4.com
349,0.2727272727272727,Print your own money service to launch,1,www.moneysavingexpert.com
820,0.2692307692307692,Why Airline Service Suffers,0,abcnews.go.com
679,0.2692307692307692,Learning from technology,0,news.bbc.co.uk
889,0.26865671641791045,Seduction 101 for Logicians and Economists,0,abcnews.go.com
760,0.26811594202898553,Fiat 500 Sport 5MT Review,0,www.carthrottle.com
119,0.26666666666666666,New short vowel discovered,1,languagelog.ldc.upenn.edu
814,0.26666666666666666,Fake cancer drug Avastin hits U.S. market for the second time,0,www.cbsnews.com
832,0.26666666666666666,Solar-powered poultry house begins operations,0,www1.udel.edu
1020,0.2647058823529412,"ESPN Changed Sports Media, For Good Or Ill",0,bleacherreport.com
784,0.2631578947368421,Politics unspinned: Did the SNP really bring down a Labour government and usher in Margaret Thatcher?,0,www.dailyrecord.co.uk
80,0.2631578947368421,Neil Gaiman One Step Closer to Sainthood,1,www.locusmag.com
747,0.2631578947368421,Barack Obama: The opacity of hope,0,www.salon.com
479,0.2631578947368421,BREAKING – Star Wars The Last Jedi Trailer Revealed Ahead Of Star Wars Celebration 2017,1,mammothgamers.com
908,0.2608695652173913,Paul Boateng to leave Cape Town after bullying claims,0,www.telegraph.co.uk
189,0.26,"BREAKING HARD: Johnny Robertson arrested at the Vatican! Cult leader threatened Pope! Son critical after shot by papal bodyguards! Nuncio ""furious""!",1,www.theknightshift.com
756,0.26,The Progressive Promise of Today's Technology,0,www.huffingtonpost.com
619,0.25925925925925924,Murray wins Miami Masters title,0,news.bbc.co.uk
228,0.25806451612903225,Canada taxing Internet use to pay down deficit,1,www.edmontonsun.com
935,0.2571428571428571,Is America Addicted to War?,0,foreignpolicy.com
246,0.2551020408163265,A Mythic Proposition,1,www.tucsonweekly.com
316,0.25,Councils asked to be armed and dangerous,1,www.publicfinance.co.uk
16,0.25,Apple founder Jobs joins IKEA,1,www.theregister.co.uk
827,0.25,Gordon Brown’s poisonous legacy lives on,0,www.telegraph.co.uk
202,0.25,New Hair Extensions Are All About Kitty Pride,1,www.popsugar.com
849,0.25,Samsung researchers claim graphene breakthrough,0,www.telegraph.co.uk
510,0.25,Honda CR-V Roadster Launches In Dealerships,1,carbuzz.com
197,0.25,President Obama bans cell phones in public places,1,www.phonearena.com
198,0.25,US Patent Office exposes Apple secret plan,1,www.theregister.co.uk
576,0.25,The Masters' secret love of technology.,0,www.slate.com
1015,0.25,Decorator hits rocky stretch after a missed stepping Stone,0,www.nydailynews.com
751,0.25,"NOAA / NSF CRUISE REVEALS IMPACTS OF OCEAN ACIDIFICATION ON CHEMISTRY, BIOLOGY OF NORTH PACIFIC OCEAN",0,www.noaanews.noaa.gov
118,0.25,Dihydrogen Monoxide a Serious Threat to Public Safety,1,www.greentechgazette.com
100,0.25,Its a Legitimate Spelling: Webster’s Agrees,1,belletra.com
326,0.25,Exclusive: Jet to issue final parting shot?,1,fasterlouder.junkee.com
98,0.25,A fool and his money: Chancellor tries his luck on the scratch cards,1,www.dailymail.co.uk
862,0.25,Die Hard 5 Casts Main Villains,0,entertainment.ie
298,0.25,Labour memo: celebrate Ed Miliband's wedding with street party,1,www.telegraph.co.uk
127,0.25,Spirit sees phenomenal Martian vista,1,blogs.discovermagazine.com
128,0.25,Alan Moore takes ‘Watchmen’ movie money to sue DC for print rights reversion,1,www.comicmix.com
81,0.25,Google moves into deals & coupons business,1,probargainhunter.com
135,0.25,Danny Elfman scores Terminator Salvation,1,scoringsessions.com
137,0.25,Text ads in open source code will add millions in funding to OSS movement,1,jorgenmodin.net
382,0.25,Post-Apocalyptic Search Engine Unveiled,1,www.seofirst.com
591,0.25,Cube's fixer-upper is beyond repair,0,www.nydailynews.com
665,0.25,Injury ends Ronaldinho's campaign,0,www.independent.co.uk
248,0.25,Reality Show Takes Yelp Mobile But Not In The Way You'd Think...,1,www.yelp.com
149,0.25,Barack Obama Michael Jackson to Sing for G20 Supper,1,www.londonnet.co.uk
64,0.25,Spanish to Merge with Portuguese and Catalan,1,www.tomisimo.org
232,0.25,FDA bans all caffeinated beverages and products,1,penguinpetes.com
783,0.25,Waqar Younis resigns as Pakistan coach after World Twenty20 flop,0,www.theguardian.com
47,0.25,BREAKING NEWS: En masse resignations in the Bush Administration!!!!,1,msgeekshomefororphancomputers.blogspot.co.uk
155,0.25,New Smartphone Application Makes You the Sommelier,1,www.prweb.com
781,0.25,How Did Seagate Technology plc’s (NASDAQ:STX) 61.07% ROE Fare Against The Industry?,0,simplywall.st
986,0.2419354838709677,Beaten black and blue,0,www.smh.com.au
719,0.2413793103448276,Skinner squeals on joke thief Pasquale,0,www.chortle.co.uk
605,0.2413793103448276,Bank upgrade is excluding blind,0,news.bbc.co.uk
8,0.24074074074074076,Post Office Calls for Portable 'Vanity' ZIP Codes,1,www.npr.org
68,0.24,Brad Pitt quits acting,1,www.joblo.com
1033,0.24,Tough times ahead for hotel industry,0,www.odt.co.nz
508,0.24,Amazon Chooses Mars As HQ2 Location,1,www.pymnts.com
525,0.2380952380952381,West End theatres' best seat prices rise to nearly £80,0,www.bbc.co.uk
296,0.2380952380952381,Home Depot’s Home Improvement,1,www.underconsideration.com
920,0.2368421052631579,"37 years after his Vietnam tour, ‘inspired to get back in’",0,www.stripes.com
999,0.2362204724409449,Man of many basses - Mikey Fletcher moves from classical to rockers,0,jamaica-gleaner.com
966,0.2352941176470588,Skype iPhone app is released and all hell breaks loose for FCC and AT&T,0,www.computerworld.com
471,0.2352941176470588,Royal Albert Hall partners with CERN to bring hadron collider to the UK,1,www.royalalberthall.com
613,0.23404255319148934,MLB legend Madison Bumgarner is true to his roots,0,edition.cnn.com
722,0.2335766423357664,The Mystery of Lloyd Gaines,0,www.riverfronttimes.com
256,0.2333333333333333,eHarmony to Open Matchmaking Service for Pets,1,www.onlinedatingmagazine.com
272,0.2333333333333333,"Exclusive: Amazon To Introduce 4.3-Inch Dual-Core ""Blaze"" Smartphone This Summer ",1,www.androidpolice.com
799,0.2328767123287671,This Machine Can Tell Whether You’re Liberal or Conservative,0,www.motherjones.com
946,0.2307692307692308,How is the government going to tackle rural crime?,0,mg.co.za
897,0.2307692307692308,Jubilant Organosys offers US$255M for Draxis Health,0,www.thestar.com
1,0.2307692307692308,Internet news guru Matt Drudge uncovers dating scandal,1,www.theregister.co.uk
331,0.2307692307692308,Next iPad to Include a Physical Keyboard,1,pc.net
110,0.2307692307692308,Chelsea Clinton Joins Millionaire Match to Raise Money for Mom,1,www.onlinedatingmagazine.com
469,0.2307692307692308,New Anytime Fitness App Brings Fitness Into The Sharing Economy,1,www.prnewswire.com
569,0.2297297297297297,Margo MacDonald: The life and times of a political 'blonde bombshell',0,www.bbc.co.uk
902,0.2277227722772277,Commentary: Terrifying tumbleweeds,0,www.cnn.com
562,0.2272727272727273,Oldies a Thing Of the Past At WBIG-FM,0,www.washingtonpost.com
654,0.2258064516129032,Kennedy: 'Iraq is George Bush's Vietnam',0,www.cnn.com
919,0.2245762711864407,Shadow lands: Pakistan - a nation under attack,0,www.independent.co.uk
147,0.2241379310344828,Palm launches new PDA,1,blog.dk.sg
340,0.2222222222222222,Huck Gee declares war on Trampt!,1,www.spankystokes.com
703,0.2222222222222222,Meadow Vale double up in Festival of Sport,0,www.getreading.co.uk
379,0.2222222222222222,[TV] Shocker: Andrew Lincoln Resigns From “The Walking Dead” Citing “Creative Differences” With New Showrunner…,1,bloody-disgusting.com
159,0.2222222222222222,BREAKING NEWS: Brett Favre Un-Retires...Again,1,www.sportsfan4.com
798,0.21875,Nigel Farage on HIV: Ukip leader says 'sensible Christian thing' is to put British patients first,0,www.independent.co.uk
15,0.21739130434782608,World of Wordcraft,1,uk.ign.com
124,0.21739130434782608,Tour de France could become fixed again,1,davesbikeblog.squarespace.com
634,0.21568627450980396,A Made-Up Hospital That Offered Real Medicine,0,www.nytimes.com
931,0.21428571428571427,General Election 2010: 'Grey vote' could hold the key,0,www.telegraph.co.uk
205,0.21428571428571427,Breaking News: All G20 Meetings Scheduled Via Doodle Says Doodle,1,hatchpr.blogspot.co.uk
371,0.21428571428571427,Web licence to be compulsory for ALL internet users,1,www.moneysavingexpert.com
663,0.21428571428571427,Wikileaks releases video depicting US forces killing of two Reuters journalists in Iraq,0,www.csmonitor.com
582,0.2127659574468085,Panama Papers: Mossack Fonseca 'helped firms subject to sanctions',0,www.bbc.co.uk
963,0.21052631578947367,Religion and Politics: An Unholy Mix,0,reason.com
626,0.21052631578947367,"When the U.S. Gives Up on Human Rights, Everyone Suffers",0,foreignpolicy.com
587,0.21052631578947367,Suns' Steve Nash involved in baby daddy drama,0,www.sheknows.com
420,0.21052631578947367,Seals of the Week,1,uk.ign.com
200,0.20689655172413796,Utah has BCS lawsuit in mind,1,www.espn.co.uk
992,0.20689655172413796,Keneally's list turns up at the library,0,www.smh.com.au
731,0.20512820512820512,High School Girls Explore STEM,0,www.usnews.com
1011,0.20408163265306126,"Under the bright lights, the Mounties get their man",0,www.theglobeandmail.com
255,0.2,Canon Olympus and Nikon unveil App-e-ture: the app store for your digital camera,1,www.pocket-lint.com
422,0.2,Rolling Stones cancel Summerfest show replaced by Elton John,1,onmilwaukee.com
393,0.2,EU Defense Finally Means Business,1,carnegieeurope.eu
599,0.2,Top 10 Innovative Beauty Products That Will Change Your Morning Beauty Routine,0,www.entrepreneur.com
274,0.2,"Nintendroid - ""Nintendo on Android"" Officially Announced",1,www.sm128c.com
740,0.2,Blockchain technology can reinvent business – here’s how according to IBM,0,www.cbronline.com
215,0.2,One more thing: Apple announces iPhone iPad OS 4.0 with multitasking,1,www.itwire.com
116,0.2,Microsoft Cancels Windows Vista,1,www.thespoof.com
286,0.2,High Roller Alert: 'Buddy Repperton Gold' 'Crossword Pro Service Update' 'Happyville' 'Hot Farm' and More,1,toucharcade.com
614,0.2,"Bayern Munich's 53-match unbeaten streak ends, Pep Guardiola not bothered",0,sports.yahoo.com
109,0.2,Onerous New Law to Phase Out Wi-Fi,1,www.pcmag.com
74,0.2,Live Satellite Images in Google Earth!,1,googlesightseeing.com
706,0.2,‘Uptick rule’ expected to curb short selling,0,www.ft.com
302,0.2,Linux kernel to be released under BSD licence,1,www.itwire.com
692,0.2,Obama on exceptionalism,0,www.theatlantic.com
653,0.2,John Paul to be buried on Friday,0,news.bbc.co.uk
959,0.2,False-Equivalence Watch: The Platonic-Ideal Form,0,www.theatlantic.com
217,0.2,Dunkie Drinks Dunkin’s Coffee,1,www.underconsideration.com
258,0.2,Toll plan for Kurilpa Bridge,1,www.brisbanetimes.com.au
468,0.2,Trump in Talks for White House Reality Show If He Wins Election,1,www.cabletv.com
183,0.2,BMW reveals Magnetic Tow Technology,1,www.businesscar.co.uk
210,0.2,Clippy Makes A Comeback With Office 2010,1,www.scoop.co.nz
207,0.2,Civilization V to have “Extreme Diplomacy” mode,1,www.thetanooki.com
162,0.2,iPods get heavier with more music,1,newslite.tv
171,0.2,JVM CLR unification : IBM Sun merger held up to complete CLR licensing,1,blog.dhananjaynene.com
503,0.2,No laughing matter: Files Go introduces Bad Joke Detector,1,blog.google
926,0.19444444444444445,Anti-smoking ad draws fire,0,www.nydailynews.com
609,0.19444444444444445,Chicago within grasp of future leaders,0,the.honoluluadvertiser.com
282,0.19230769230769232,Not your Grandma’s lapdog. The Great Chihuahua turns heads and steals hearts across US.,1,www.embracepetinsurance.com
249,0.19230769230769232,Tim Burton Reimagining ‘Little Shop of Horrors’,1,bloody-disgusting.com
187,0.19230769230769232,Baby chicks do basic arithmetic,1,news.bbc.co.uk
951,0.19230769230769232,Why Jeffrey Toobin Is Wrong About the Supreme Court and Obamacare,0,www.theatlantic.com
749,0.19047619047619047,Junior doctors 'being bullied into hours of unpaid overtime',0,www.independent.co.uk
538,0.19047619047619047,Teachers warn of 'Victorian' poverty among pupils,0,www.bbc.co.uk
250,0.19047619047619047,Eddie Murphy To Replace Michael Jackson As Captain EO,1,www.giantfreakinrobot.com
774,0.1891891891891892,"A note about the ""Business Guy seeking Technical Co-Founder""",0,bigthink.com
947,0.18840579710144928,Jump to Politics Turns Georgian Billionaire Into Public Enemy No. 1,0,www.nytimes.com
899,0.1875,Noel Gallagher suffers hair abuse,0,entertainment.ie
758,0.1875,Blackpool manager Paul Ince stuns Liverpool by slapping £25 million price tag on son Tom's head,0,www.telegraph.co.uk
835,0.1875,Baseball biometrics: wearable tech approved for Major League use,0,www.theguardian.com
904,0.1875,Jill Finder Joins Natcore Technology As Senior Vice President/Business Development,0,www.prnewswire.com
254,0.1875,FCC Confiscates Remaining TV Channels For Twitter,1,t1rex.blogspot.co.uk
905,0.1851851851851852,Betting on Technology to Help Turn Consumers Green,0,e360.yale.edu
196,0.18181818181818185,A social network for people who hate social networks,1,www.computerworld.com
1013,0.18181818181818185,Thorn Birds become song birds in Britain,0,www.smh.com.au
406,0.18181818181818185,Acer revisits Liquid with the Tang soup-proof smartphone,1,www.gadgetguy.com.au
251,0.18181818181818185,Reconstructive surgery places Contador’s season in doubt,1,www.velonews.com
292,0.18181818181818185,Portugal 'sells' Ronaldo to Spain in £160m deal on national debt,1,www.independent.co.uk
878,0.18181818181818185,MGM celebrates opening of the Park entertainment district,0,lasvegassun.com
712,0.18181818181818185,GGRAsia – Melco International profit soars post Melco Crown control,0,www.ggrasia.com
151,0.18181818181818185,Who Is The Twi-Guy?,1,www.twilightlexicon.com
741,0.18181818181818185,New U.S. inversion rules threaten Pfizer-Allergan deal,0,www.reuters.com
811,0.18032786885245905,Lord Healey: a chancellor who really knows about coalitions and crisis,0,www.theguardian.com
524,0.17857142857142858,Jasmine and Erwan on Anne Curtis jellyfish incident,0,www.rappler.com
342,0.1780821917808219,Sword and Sensibility: Conan Creator Robert E. Howard’s Lesser Known Collaboration,1,www.tor.com
961,0.17647058823529413,Bay Shore teen in A&E's 'Runaway Squad',0,www.newsday.com
945,0.17647058823529413,Leaked U.S. video shows deaths of Reuters' Iraqi staffers,0,www.reuters.com
103,0.17647058823529413,Live And Let Bi,1,www.dailystar.co.uk
530,0.17647058823529413,Jail for man with kilo of heroin in BMW,0,www.theboltonnews.co.uk
845,0.17647058823529413,Fresh inspiration is born,0,www.smh.com.au
227,0.17647058823529413,BREAKING: 'Epic Sesame Street' Announced,1,uk.ign.com
451,0.17543859649122806,Microsoft Announces Windows 11 Apple Launches New iPhone GI... [Tech News Digest],1,www.makeuseof.com
1008,0.17391304347826084,'Pride and Prejudice and Zombies' by Seth Grahame-Smith,0,www.latimes.com
842,0.1724137931034483,5 Reasons Why URL Shorteners Are Useful,0,mashable.com
848,0.1720430107526882,"After the election, will the Lib Dems turn left or right?",0,www.theguardian.com
686,0.1702127659574468,From laughs to stats: the fresh digital approach to election coverage,0,www.theguardian.com
840,0.16911764705882354,"Tablet Magazine – Jewish News and Politics, Jewish Arts and Culture, Jewish Life and Religion",0,www.tabletmag.com
288,0.16666666666666666,Chicken feathers suggested as basis for plastics,1,www.bbc.co.uk
373,0.16666666666666666,Satellite Image of Dorm Fast-Tracks Its Demolition,1,buildingshsu.blogspot.co.uk
374,0.16666666666666666,Exclusive: 60th Eurovision hosted in three countries,1,www.eurovision.tv
502,0.16666666666666666,Cirque du Soliel’s “Natty Gann” Coming to Disney Springs,1,www.laughingplace.com
348,0.16666666666666666,Cash-strapped rights museum to be converted to water park,1,www.winnipegsun.com
120,0.16666666666666666,Derek Jeter Comes Out of the Closet,1,sports.gunaxin.com
169,0.16666666666666666,BREAKING: The New Nikon-Canon DE-1,1,niloyonphotography.blogspot.co.uk
478,0.16666666666666666,"After a 240 Year Absence, Freshwater Dolphins Return to the Finger Lakes",1,www.fingerlakes.com
498,0.16666666666666666,MLB Teams Wearing Easter Pastel Colours Today,1,news.sportslogos.net
704,0.16666666666666666,Urban teens excel in sport of kings -- polo,0,www.reuters.com
193,0.16666666666666666,National to appoint Cullen as Reserve Bank Governor,1,www.kiwiblog.co.nz
948,0.16666666666666666,Companies must embrace technology to maintain competitive edge,0,www.cosmeticsdesign.com
463,0.16666666666666666,CRUNCHING DEFECTION: Ray Warren announces shock code switch to rugby union,1,www.theroar.com.au
639,0.16666666666666666,Police investigate city murders,0,news.bbc.co.uk
211,0.16666666666666666,Wacky hidden provisions of healthcare reform act,1,occasionalplanet.org
874,0.16666666666666666,"Hundreds of newborn babies could be saved if mothers breastfeed, claims report",0,www.dailymail.co.uk
742,0.16666666666666666,Periscope phone app gives millions a way to live-stream their lives,0,www.theguardian.com
893,0.16666666666666666,Intervention in Libya and Syria Isn’t Humanitarian or Liberal,0,nationalinterest.org
563,0.16666666666666666,"The Tribune, Chandigarh, India",0,www.tribuneindia.com
328,0.16666666666666666,Leaked document reveals upcoming games,1,bulbanews.bulbagarden.net
960,0.16666666666666666,"Review: Fred & Gladys, The Landor Theatre",0,www.express.co.uk
25,0.16666666666666666,Intel Wants Off Open Source Listing,1,www.internetnews.com
484,0.16666666666666666,NFL Superstar Randy Moss Signs with the Charlotte Independence,1,www.charlotteindependence.com
967,0.16666666666666666,Instagram for Android Downloaded More Than 1 Million Times in 24 Hours,0,mashable.com
264,0.16666666666666666,iFart Stuns Programming World With New Scent Technology For iPhone,1,ifartmobile.com
750,0.16666666666666666,Angler lands giant catfish,0,www.manchestereveningnews.co.uk
872,0.16666666666666666,Travelodge set to open Portsmouth’s biggest hotel,0,www.portsmouth.co.uk
813,0.16216216216216214,U.S. vs. North Korea,0,www.huffingtonpost.com
233,0.16129032258064516,This Massage Can Bring Out the Animal in You,1,www.popsugar.com
702,0.16,Atari 'Pong' to be played on building,0,www.theaustralian.com.au
337,0.15789473684210525,A New Paradigm Rises to Save the Modern Web,1,www.epixa.com
22,0.15789473684210525,"The Motley Fool Has a ""Winner""?",1,www.fool.com
933,0.15789473684210525,Where are the New Social Movements in German collective memory?,0,blog.oup.com
729,0.15789473684210525,Can New Technology Help Planes Dodge Turbulence?,0,www.smithsonianmag.com
745,0.15789473684210525,"Honour, By Elif Shafak",0,www.independent.co.uk
557,0.15384615384615385,Big plans for King’s Lynn Arts Centre,0,www.edp24.co.uk
362,0.15384615384615385,Line Free Monday!,1,www.disneylies.com
358,0.15384615384615385,UFC 150 headed to mainland Asia: Pyongyang North Korea,1,www.mmamania.com
681,0.15384615384615385,"Universal Will Not Pull 'United 93' Trailer, Despite Criticism",0,www.nytimes.com
336,0.15384615384615385,BREAKING NEWS: *NSync to tour again!,1,blog.ticketnetwork.com
268,0.15384615384615385,TEXTp saves YouTube bandwidth money ,1,youtube-au.googleblog.com
1014,0.15384615384615385,Report: Farrah Fawcett hospitalized,0,www.nydailynews.com
991,0.15384615384615385,‘Clash of the Titans’ releases a sea monster and a curious catchphrase,0,nypost.com
363,0.15384615384615385,Facebook buys Dummly from outernet prodigy Dick D'Miner,1,www.theregister.co.uk
511,0.15,Facebook Finally Lets You See Who Viewed Your Profile •,1,wersm.com
834,0.14814814814814814,"Fear, prejudice and gut reactions: is that the future for our politics? | Rafael Behr",0,www.theguardian.com
544,0.14814814814814814,Pfizer to pay £50m after deaths of Nigerian children in drug,0,www.independent.co.uk
534,0.14814814814814814,'Affair' teacher's compo to spark law change,0,www.smh.com.au
939,0.14705882352941174,"""Honor killing"" under growing scrutiny in the U.S.",0,www.cbsnews.com
615,0.14634146341463414,'Titanic violin' sparks heated debate,0,www.bbc.co.uk
896,0.14545454545454545,Button proves he is a man for all seasons after stunning win in Malaysia,0,www.dailymail.co.uk
691,0.14285714285714285,Who Are the Tea Partiers?,0,www.theatlantic.com
973,0.14285714285714285,Reading Education Assistance Dog helps Pembrokeshire kids to read,0,www.westerntelegraph.co.uk
307,0.14285714285714285,To Infinity and Beyond..,1,miceage.micechat.com
355,0.14285714285714285,ONE DIRECTION IS COMING TO SOUTHEAST ASIA!!!,1,www.spinorbinmusic.com
952,0.14285714285714285,Music that transports you…,0,www.iol.co.za
230,0.14285714285714285,PopCap Announces a Mind-Blowing New Bejeweled,1,www.escapistmagazine.com
439,0.14285714285714285,Sonified Higgs data show a surprising result,1,home.cern
73,0.14285714285714285,Look Ma no hands! SEAT develops world's first driverless touring car,1,www.autoblog.com
790,0.14285714285714285,"U.S. troops, Iraqi army work to secure Baghdad district after militia leader's arrest",0,www.stripes.com
252,0.14285714285714285,Existing ADSL2+ users to miss out on NBN,1,whirlpool.net.au
795,0.14285714285714285,Researchers to Boycott South Korean University Over AI Weapons Work,0,www.usnews.com
401,0.14285714285714285,Early Shocker: CBS Announces 2014 Fall Schedule,1,tvbythenumbers.zap2it.com
928,0.14285714285714285,SMEs urged to partner Government to innovate and tap on technology,0,www.channelnewsasia.com
753,0.14285714285714285,One year to go – Brexit Means… podcast,0,www.theguardian.com
867,0.14285714285714285,First Bladders Grown in Lab Transplanted,0,www.washingtonpost.com
1012,0.14285714285714285,Media lunch off the telly menu,0,www.nzherald.co.nz
607,0.14285714285714285,ambIT Infusion Pump for Pain Control |,0,www.medgadget.com
370,0.14285714285714285,Mac Pro Replaced by Mac Prime,1,tidbits.com
976,0.14285714285714285,Health Care Industry Moves Slowly Onto the Internet,0,bits.blogs.nytimes.com
852,0.14285714285714285,Mark Boxer Returns to CIGNA as CIO,0,www.insurancetech.com
643,0.140625,The Justice Department's questionable battle vs. FedEx,0,www.cnn.com
85,0.14035087719298245,'10 Unwrapped: The Chen Twins,1,www.scout.com
366,0.13793103448275862,New EU Legislation Means Death of The Yorkshire Pudding,1,yorkshiretimes.co.uk
664,0.13793103448275862,Police probe torture allegations,0,news.bbc.co.uk
911,0.13636363636363635,Mirror Mirror film review,0,www.express.co.uk
882,0.13636363636363635,The Big Secret,0,www.latimes.com
1001,0.13636363636363635,8 amazing tech advances on the horizon,0,www.techradar.com
583,0.13513513513513514,Cameron looks like a man who has lost his desire for the job,0,www.newstatesman.com
1023,0.1346153846153846,US man kills three police officers,0,www.odt.co.nz
715,0.1346153846153846,The Politics Of Passing 1964's Civil Rights Act,0,www.npr.org
805,0.13333333333333333,Poll: 76 percent say U.S. ready for black president,0,www.cnn.com
914,0.13333333333333333,'Fast & Furious' shatters box office records,0,www.cnn.com
880,0.13333333333333333,"Abandoned Oil And Gas Wells Threaten Drinking Water, Homes Across U.S.",0,www.huffingtonpost.com
584,0.13333333333333333,Virtual assistant technology: More than just IBM Watson,0,searchdatamanagement.techtarget.com
1005,0.13333333333333333,Toyota Slammed With $16.4M USD Federal Fine For Defect Deception,0,www.dailytech.com
500,0.13333333333333333,"To combat declining birth rate, Japan to begin offering ""Breeding Visas"" to foreigners",1,soranews24.com
539,0.13333333333333333,Country guitarist Arthur Smith dies,0,www.bbc.co.uk
7,0.13333333333333333,L-plates for yum cha carts,1,www.smh.com.au
555,0.13157894736842105,Derby fire deaths: How police uncovered Mick Philpott's lies,0,www.bbc.co.uk
454,0.13157894736842105,Real Madrid and Barcelona to launch professional cricket teams,1,en.as.com
324,0.13043478260869565,Bubbly tax: After furore over VAT on hot pasties Osborne puts a 'green' levy on champagne drinkers (and he's is stocking up to beat it),1,www.dailymail.co.uk
588,0.13043478260869565,David Haye's dazzling power has the Klitschkos ducking for cover,0,www.dailymail.co.uk
980,0.13043478260869565,Pay Back the Money Borrowed From Social Security,0,www.huffingtonpost.com
768,0.13043478260869565,"As U.S. Targets Berlin on Trade, German Manufacturers Lobby Trump",0,www.nytimes.com
746,0.12941176470588234,What a Country,0,www.tabletmag.com
791,0.12903225806451613,"Sex abuse, violence alleged at teen jails across U.S.",0,www.cnn.com
623,0.1282051282051282,Standover man shot three times in head 'in self-defence',0,www.smh.com.au
589,0.125,All bodies recovered after crash,0,news.bbc.co.uk
782,0.125,Julian Assange warned to keep out of Ecuador's politics by new president,0,www.theguardian.com
425,0.125,Lower Case Letters Overpower Caps,1,www.thespoof.com
620,0.125,Landstuhl soldiers awarded new Air Force Space Badge,0,www.stripes.com
359,0.125,Fulgurites & Fanciful Formations,1,villagecraftsmen.blogspot.co.uk
635,0.125,Brummies seen as dummies,0,metro.co.uk
1004,0.125,Binghamton gunman felt 'degraded' over his bad English,0,www.nydailynews.com
66,0.125,Pigs Fly,1,www.dvddossier.com
944,0.125,"Waste Management, Total invest in Agilyx, waste plastics-to-crude oil pyrolysis : Biofuels Digest",0,www.biofuelsdigest.com
492,0.125,Superman Scenes Completely Cut from “Justice League” Movie,1,www.supermanhomepage.com
3,0.125,Cold war bomb warmed by chickens,1,news.bbc.co.uk
552,0.12195121951219512,Lord Janner 'misled inquiry' over link with abuser Frank Beck,0,www.bbc.co.uk
864,0.12121212121212123,U.S. to Seek $16.4 Million Fine Against Toyota,0,www.nytimes.com
661,0.1206896551724138,Using Twitter To Support Learning -- Campus Technology,0,campustechnology.com
877,0.12,British Lawyers Build Case Against Wigs,0,www.washingtonpost.com
166,0.12,'Back to the Future' Remake is in Spielberg's Hands,1,thescreenrider.blogspot.co.uk
718,0.12,Huckabee Slams Mother Jones Over Missing Documents Story,0,www.usnews.com
979,0.12,The Facebook Democracy: How Will it Affect You?,0,mashable.com
86,0.1176470588235294,eHarmony Founder Finds Love on Match.com,1,onlinedating.typepad.com
807,0.1176470588235294,"MIT Settles Shin Case, Parents Agree Death Likely an Accident",0,tech.mit.edu
597,0.1176470588235294,200 people in the US exposed for using tax havens in Panama Papers leak,0,www.theguardian.com
629,0.1176470588235294,Our Ultimate Driverless Car Report Card,0,www.fastcompany.com
819,0.1176470588235294,"Homes alone, in a rare brush with the suburbs",0,www.smh.com.au
594,0.1176470588235294,The 2004 European Women's Chess Champion,0,en.chessbase.com
930,0.1176470588235294,"With U.S. Turn Against Saleh, Has American Idealism Finally Triumphed?",0,www.theatlantic.com
535,0.1153846153846154,American broadcasting has always been closely intertwined with American politics,0,theconversation.com
854,0.11428571428571427,Sussex heroin plot foiled in most successful narcotics plan to date,0,www.theargus.co.uk
1027,0.11428571428571427,Denver prepares for ‘Passion’ play,0,www.denverpost.com
182,0.1111111111111111,AIG Merges with AIG to Form AIG,1,pandasthumb.org
879,0.1111111111111111,WTO dents U.S. ban on clove cigarettes,0,www.reuters.com
726,0.1111111111111111,Driverless shuttle bus being tested in London,0,www.financialexpress.com
329,0.1111111111111111,Q: Will CERN awaken the Elder Gods?,1,www.askamathematician.com
29,0.1111111111111111,Chris Farley returns in ad campaign,1,usatoday30.usatoday.com
77,0.1111111111111111,Exclusive Scoop: The GILMORE GIRLS Series Finale!,1,www.thetvaddict.com
806,0.10810810810810813,Study demonstrates remarkable power of social norms,0,www.eurekalert.org
733,0.10810810810810813,The posionous politics of self-esteem,0,www.washingtonpost.com
133,0.10714285714285714,Pandemonium breaks out at Taipei Zoo,1,www.taipeitimes.com
499,0.10638297872340426,C++ Will No Longer Have Pointers,1,www.fluentcpp.com
312,0.10526315789473684,A Zimmer skateboard... now that’s silver surfing,1,www.express.co.uk
593,0.10465116279069768,Sibling revelry,0,archive.boston.com
637,0.10416666666666667,Byrne murder: extradition battle,0,www.smh.com.au
794,0.10256410256410256,"Carjackers swipe biometric Merc, plus owner's finger",0,www.theregister.co.uk
660,0.10256410256410256,Philpott fire deaths trial shines light on polyamory,0,www.bbc.co.uk
850,0.10227272727272728,The remote-controlled ‘smart house’,0,www.washingtonpost.com
695,0.10144927536231883,Siblings of Disabled Have Their Own Troubles,0,www.nytimes.com
672,0.10126582278481013,Hassan Rouhani: reformist insider who has ended Iran’s isolation,0,www.theguardian.com
676,0.1,Joe Marler set to be big hit,0,www.express.co.uk
721,0.1,Loyola's New Hospital Tower Houses Nature-Inspired Patient Areas And Leading-Edge Technology,0,newswise.com
821,0.1,The Latest on the U.S.-China Trade Conflict: Exchanging Tariffs,0,www.nytimes.com
523,0.1,George Galloway embroiled in Twitter spat with Bradford Brewery,0,www.independent.co.uk
793,0.1,Brushman of the bush tribute,0,www.smh.com.au
462,0.1,Iranian Calendar to Become Global Standard in 2017,1,www.timeanddate.com
172,0.1,Rick Astley Announces U.S. Tour,1,media.gunaxin.com
450,0.1,Now THAT'S a real Bond girl! Has O-O-Olivia Coleman been lined up to play 007? Broadchurch star set to make history by taking over from Daniel Craig for next movie,1,www.dailymail.co.uk
860,0.09923664122137403,"Jay Edelson, the Class-Action Lawyer Who May Be Tech’s Least Friended Man",0,www.nytimes.com
537,0.09803921568627452,"US Women’s Soccer Is More Popular Than Men’s, but the Players Are Still Paid Less",0,www.thenation.com
844,0.0975609756097561,The spin on Pelosi's talk with Assad / Delegation upbeat -- U.S. and Syrian reactions are mixed,0,www.sfgate.com
918,0.0967741935483871,United shock as Rooney faces two-game FA ban,0,www.independent.co.uk
748,0.09659090909090907,Somalia’s ‘Lost Boys’ in US prime targets for terror recruiters,0,nypost.com
375,0.09615384615384616,Jungle Cruise News Blues,1,micechat.com
766,0.09523809523809523,Events to follow the death of Pope John Paul II,0,www.cnn.com
547,0.09333333333333334,"Stress, Money Woes Believed Factors in Fatal SUV Blaze",0,www.latimes.com
759,0.09302325581395347,Jeff Bezos Reveals His No. 1 Leadership Secret,0,www.forbes.com
628,0.09183673469387756,"Choreographer Matthew Bourne: Rehearsing The Car Man, my radical reinvention of the Carmen story",0,www.independent.co.uk
441,0.09090909090909093,Trump Firing Slovenian Born Wife For American Born Spouse,1,whatdoino-steve.blogspot.co.uk
869,0.09090909090909093,Tidal Reveals Top Dawg Entertainment Is Dropping a New Release Tonight,0,www.xxlmag.com
570,0.09090909090909093,Labour MP Chuka Umunna apologises for comments on elite social network saying London's nightclubs are 'full of trash',0,www.independent.co.uk
757,0.09090909090909093,"China, US, Japan React to Philippines' UNCLOS Case",0,thediplomat.com
505,0.09090909090909093,Durandal Spotted Trying to Pick Up Kids Dressed as Pickle Surprise,1,www.soldierx.com
565,0.09090909090909093,"Teeter-tottering Stocks: Micron Technology, Inc., (NASDAQ: MU), Fitbit, Inc., (NYSE: FIT)",0,globalexportlines.com
90,0.09090909090909093,United States Cent Abolished,1,coincollector.org
275,0.08823529411764706,Your Facebook activity could keep you out of college,1,www.zdnet.com
716,0.08823529411764706,Flashback: Film critic Roger Ebert dead at 70,0,www.nydailynews.com
942,0.08791208791208792,"Before Killings, Hints of Plans and Grievance",0,www.nytimes.com
815,0.08771929824561403,Musician Michel Martelly wins Haitian presidency,0,www.cbsnews.com
925,0.08771929824561403,"Barcelona, Bunyodkor, Uzbekistan, and UNICEF",0,bleacherreport.com
540,0.08695652173913042,Aberdeen: Craig Brown's retiring from management at right time,0,www.bbc.co.uk
670,0.08695652173913042,US retreat from global financial system lets China in,0,www.ft.com
804,0.08695652173913042,Trackers Deem North Korea’s Missile Flight a Failure,0,www.nytimes.com
409,0.08333333333333333,Bravo Announces Real Housewives All-Stars Edition!,1,bravowatch.com
769,0.08333333333333333,Toyota forms company to make technology simpler,0,phys.org
219,0.08333333333333333,Use the Most Comprehensive Search Engine Available,1,netted.net
924,0.08108108108108109,"Cricket World Cup 2011: review, experts’ verdict, team of tournament and changes for 2015",0,www.telegraph.co.uk
1016,0.08,15 Fascinating Ways to Track Twitter Trends,0,mashable.com
875,0.08,Miley's life after 'Hannah Montana',0,www.nydailynews.com
847,0.07692307692307693,Why the Panama Papers should be a US election issue | Trevor Timm,0,www.theguardian.com
792,0.07692307692307693,World War II Munitions Dumps: A Rusting Timebomb in the Baltic,0,www.spiegel.de
267,0.07692307692307693,The nsfw element,1,html5doctor.com
549,0.07692307692307693,Ireland struggles with immigration issue,0,news.bbc.co.uk
655,0.07692307692307693,What Matters in Hollywood Today,0,www.hollywoodreporter.com
42,0.07692307692307693,Madonna Signs On For Live Action Television Series!,1,www.rebelscum.com
1036,0.07407407407407407,"Navy Lt. Florence B. Choe, 35, El Cajon: killed by Afghan soldier",0,www.latimes.com
285,0.07142857142857142,Straeuli leads Staaldraad II,1,www.sport24.co.za
796,0.07142857142857142,Dimon Warns ‘Something Is Wrong’ With the U.S.,0,www.bloomberg.com
278,0.07142857142857142,Kairosoft Announces Video Game Reviewer: The RPG,1,www.rpgfan.com
368,0.07142857142857142,Elephants for forest on La Gomera,1,lagomera1.blogspot.co.uk
866,0.06896551724137931,"Young, savvy - and the bane of online predators",0,www.smh.com.au
94,0.06756756756756757,Shocking Archaeology Discovery: Jesus Was A Girl!,1,nobeliefs.com
823,0.06741573033707865,ICANN Transition Proposal: The U.S. Should Proceed with Caution,0,www.heritage.org
720,0.06666666666666668,"Hamster wheel, nuclear reactor fuel interest in energy",0,www.jsonline.com
176,0.06666666666666668,TXT'N'WALK app lets you text and walk,1,www.pocket-lint.com
13,0.0625,"New York City Stunned By Seth Godin's ""Blogging Iceberg""",1,steveshu.typepad.com
809,0.0625,Peloton Technology Raises Cash for Automated Truck Convoy Technology,0,www.bloomberg.com
922,0.0625,"Nvidia new AI brain has eight Pascal GPUs, 7TB of solid state memory, and needs 3,200 watts",0,www.digitaltrends.com
917,0.0625,Why Obama shouldn't tap U.S. oil reserves,0,money.cnn.com
983,0.05882352941176471,Meet the App Store Millionaires: The Brothers Behind Doodle Jump,0,allthingsd.com
351,0.05882352941176471,Breaking News – One Fewer Letter,1,blogs.transparent.com
886,0.05882352941176471,"Please, Finally, End the Penny",0,www.nytimes.com
79,0.05882352941176471,Schilling to Launch New Japanese-Language Blog,1,bostondirtdogs.boston.com
645,0.05882352941176471,A Glimpse Inside the Dreaming Mind,0,www.technologyreview.com
776,0.057142857142857134,"Why Varun, Mamata faked a foreign degree",0,economictimes.indiatimes.com
888,0.057142857142857134,"At Snopes, a Quest to Debunk Misinformation Online",0,www.nytimes.com
1032,0.05555555555555555,How Media-Training Guru Michael Sheehan Is Making Timothy Geithner Telegenic -- New York Magazine,0,nymag.com
364,0.05555555555555555,Facebook to pay users for Facebooking; early-bird applications open,1,www.news18.com
956,0.05263157894736842,Fukushima health risks scrutinized ,0,www.nature.com
871,0.05,Tony Blair 'knew all about CIA secret kidnap programme’,0,www.telegraph.co.uk
826,0.05,Lead poisoning rates rise in U.S. after CDC lowers blood cutoff,0,www.cbsnews.com
181,0.05,Exclusive: Mark Cuban Buys Lakers,1,www.forumblueandgold.com
770,0.04878048780487805,NBC’s ‘The Bible’ tells of the years after crucifixion,0,www.jacksonville.com
972,0.045977011494252866,"Good crims, bad crims in the Cross",0,www.smh.com.au
955,0.045454545454545456,The political deadlock over national debt,0,www.washingtonpost.com
546,0.045454545454545456,The Evolution of Iran's Revolutionary Guard,0,www.npr.org
156,0.043478260869565216,GRAVEYARD BOOK TO BE STRIPPED OF NEWBERY?,1,collectingchildrensbooks.blogspot.co.uk
222,0.04166666666666666,Windows 8 Alpha Preview,1,toastytech.com
705,0.04166666666666666,"In Politics, Sox Win!",0,www.nbcchicago.com
652,0.040540540540540536,A Quarter Century of Poker: David Sklansky and Albert Einstein,0,www.pokernews.com
489,0.04,Tourist’s Disney Knowledge Fails Him During Trip to Africa,1,www.laughingplace.com
617,0.03448275862068965,"Degradable Nanoparticles Search, Intercept and Destroy Antibiotic-Resistant Bacteria",0,www.popsci.com
667,0.03448275862068965,Man jailed for hit and run death,0,news.bbc.co.uk
700,0.03409090909090909,How Saddam Hussein's former military officers and spies are controlling Isis,0,www.independent.co.uk
548,0.03333333333333333,"Inmates, guards clash at prison in Iraq",0,www.chinadaily.com.cn
528,0.03225806451612903,Using an Electronic Device to Break in a New Violin,0,www.nytimes.com
932,0.029411764705882356,Professor Brian Barry,0,www.telegraph.co.uk
531,0.02631578947368421,"For Robinsons, life-long love",0,www.nydailynews.com
736,0.018518518518518517,Lets Play a Little Game Called I-485 Perjury Trap,0,www.memphisflyer.com
82,0.0,Earn Money As U Spam schemes cropping up on Ebay,1,www.itproportal.com
62,0.0,Library of Congress to Outsource Auxiliary Cataloging Functions,1,alaonline.blogspot.co.uk
96,0.0,Microsoft Patch Tuesday comes early; adds unexpected twist,1,www.itproportal.com
971,0.0,Why U.S. East Coast Is Colder Than Europe's West Coast,0,www.livescience.com
953,0.0,NASA: Key antenna fails as Discovery enters orbit,0,www.computerworld.com
890,0.0,Orgies: a brief history of group hanky-panky,0,www.independent.co.uk
9,0.0,Transparent Aluminum Used To Make Tinfoil Hats,1,www.technovelgy.com
970,0.0,EXCLUSIVE: Liverpool owners ready to sell to Kuwaitis,0,www.express.co.uk
146,0.0,Vickie Guerrero pregnant,1,www.wwe.com
4,0.0,Buffett Buys Krispy Kreme,1,www.fool.com
179,0.0,New Zealand’s First Individual Jet-Pack Flights,1,www.scoop.co.nz
1035,0.0,Tocqueville's Truth About the U.S. and Russia,0,www.washingtonpost.com
929,0.0,US drone crashes at Seychelles airport,0,www.telegraph.co.uk
50,0.0,RISC OS - 24 bits,1,www.iconbar.com
997,0.0,Tia Carrere filed for divorce from Simon Wakelin and twitters she's in the happoiest place,0,www.dailytelegraph.com.au
968,0.0,Four big ties to cheer Tottenham ahead of the clash with Real Madrid,0,www.dailymail.co.uk
53,0.0,Google Browser,1,googlesystem.blogspot.co.uk
45,0.0,White House appoints american sculptor Jeff Koons as new garden designer,1,placebokatz.blogspot.co.uk
1034,0.0,Profile: Anders Fogh Rasmussen,0,www.ft.com
1002,0.0,U.S. deploys warships in anticipation of N. Korea rocket launch,0,www.nydailynews.com
56,0.0,DS To Get The Elder Scrolls: Anthology,1,www.nintendo-x2.com
44,0.0,No Duck Left Behind,1,cce.typepad.com
126,0.0,Conroy dumped as minister for broadband,1,whirlpool.net.au
884,0.0,Islamic Republic of Iran: Earthquake OCHA Situation Report No. 2,0,www.payvand.com
174,0.0,Ford GM Announce “Android Car”,1,phandroid.com
957,0.0,Frog Design Imagines Urban Food Systems of the Future,0,www.fastcompany.com
923,0.0,Legendary Closes $275 Million Financing Deal,0,www.hollywoodreporter.com
1025,0.0,Woman gets 6 years in prison for fatal crash caused by her texting-while-driving,0,www.mercurynews.com
41,0.0,VOYAGER 1 received by AMSAT-DL group,1,www.southgatearc.org
99,0.0,Bush Administration Seeks Endangered Species Status for the Elusive ‘Climate Skeptic’,1,redgreenandblue.org
114,0.0,Advice For New Models,1,blog.patyuen.com
52,0.0,Manny Being Retired!,1,bostondirtdogs.boston.com
132,0.0,Astronaut's Head Upgraded During Spacewalk,1,apod.nasa.gov
940,0.0,Inter Milan 2 Schalke 5: match report,0,www.telegraph.co.uk
38,0.0,BREAKING NEWS: Anarchy in the U.S.,1,www.quizlaw.com
984,0.0,Arsenal eye Madrid striker Higuain as Barca try to snare £15m Van Persie,0,www.dailymail.co.uk
1007,0.0,Braille Displays Promise to Deliver the Web to the Blind,0,www.scientificamerican.com
153,0.0,Cable theft delays SEACOM,1,mybroadband.co.za
140,0.0,Fox Announces 'House' and '24' Crossover Finale,1,thescreenrider.blogspot.co.uk
936,0.0,"Apple Sells Over 300,000 iPads First Day",0,www.apple.com
117,0.0,TRENT REZNOR to celebrate birthday with fund-raiser event members of GUNS N' ROSES to play,1,members.optusnet.com.au
981,0.0,'Twisted': Tia Carrere is happy despite divorce,0,www.nydailynews.com
909,0.0,Simple regimen eliminates chronic bad breath,0,www.reuters.com
1009,0.0,10 Technologies with Biggest Impact on P/C Insurance Companies,0,www.insurancejournal.com
982,0.0,"US documentarists in search of ""Lake Van Monster"" in Turkey",0,www.hurriyet.com.tr
985,0.0,NASA to Test New Medical Device to Help Sick Astronauts in Space,0,www.space.com
67,0.0,AFD. Shadowy monitoring of antiwar groups,1,polizeros.com
988,0.0,Politics threatens to overshadow Nato Summit,0,www1.rfi.fr
24,0.0,AI Has Been Solved,1,www.advogato.org
1028,0.0,Redmond O'Neal Busted for Drugs – Again,0,people.com
87,0.0,Badminton Dropped From The Olympic Games!,1,www.badmintoncentral.com
34,0.0,Airlines ban 'foul' Swedish fish,1,news.bbc.co.uk
975,0.0,No more fast food at US bases in Afghanistan,0,www.alarabiya.net
19,0.0,Water On Mars ,1,apod.nasa.gov
20,0.0,SMEGmail offers 1 terabyte storage,1,www.smh.com.au
1019,0.0,Inauguration of LNG facility in Qatar,0,www.westerntelegraph.co.uk
130,0.0,Google announced free Internet connection upto 8 Mbps,1,wroogle.blogspot.co.uk
898,0.0,These are the highest and lowest rated U.S. airlines,0,www.cbsnews.com
900,0.0,Saudi Arabia's economy to grow 5.5% on higher oil output,0,www.arabianbusiness.com
901,0.0,"Physicist Creates Most Magnetic Material on Earth, Might Overturn Laws of Physics",0,www.popsci.com
1017,0.0,Number of tooth extractions soars by 30% in four years,0,www.dailymail.co.uk
129,0.0,The Economist Group expands,1,www.economist.com
154,0.0,Lost and now found at the Imperial proves a celeb trove,1,www.japantimes.co.jp
906,0.0,Rogue policeman shoots dead two US soldiers as Koran riots rage across Afghanistan,0,www.telegraph.co.uk
486,0.0,"New Nara deer adoption program lets you take home your own pet deer, help with overpopulation!",1,soranews24.com
876,0.0,Honeywell to Buy Norcross for $1.2 Billion,0,www.cnbc.com
595,0.0,"Bullish Analyst Puts Spotify Technology S.A. (SPOT) In Amazon, Netflix Class With Large Subscriber Base",0,stocknews.com
606,0.0,The fastest growing metro areas in the United States,0,money.cnn.com
604,0.0,Media M&A Transaction Value Down 91% in Q1,0,seekingalpha.com
603,0.0,Tiger fears mistress run-in at Masters return: report,0,www.nydailynews.com
602,0.0,UQ in top group in QS World University Rankings - Engineering and Technology,0,www.uq.edu.au
380,0.0,The Biggest Mosquito In The World,1,www.thespoof.com
598,0.0,What the U.S. Can Do to Help Christians in the Middle East,0,www.newsweek.com
381,0.0,Rhino Squashed in Zoo incident,1,www.hedgebury.com
592,0.0,Liberia Ex-Leader Faces War-Crimes Court,0,www.nytimes.com
372,0.0,Swedish study links music downloads to brain cancer,1,www.overgrownpath.com
385,0.0,Doctor Who Gets New Four-Legged Friend!,1,kasterborous.com
390,0.0,Christmas Moved to July by Congressional Order,1,www.holistory.com
394,0.0,Texting-and-walking: there’s a lane for that,1,www.northeastern.edu
581,0.0,These States Have the Most Gender Equality,0,www.usnews.com
580,0.0,US trade deficit rises to near 9½-year high,0,www.cnbc.com
579,0.0,Former police chief's speed fine,0,news.bbc.co.uk
400,0.0,BT Tower to be replaced by 3D printed BT Tower,1,www.theregister.co.uk
608,0.0,RAZER Unveils Diamondback Plasma Limited Edition Mouse,0,www.ign.com
616,0.0,Obama signs bill to help companies go public,0,money.cnn.com
677,0.0,"Jesse James Leaves Sex Rehab After Sandra Bullock Refuses to Take His Phone Call, Report Says",0,www.foxnews.com
649,0.0,Pamela Mangru was stabbed thrice in throat -post-mortem,0,www.stabroeknews.com
673,0.0,Anne recovering from box-jellyfish sting,0,www.philstar.com
669,0.0,"Cloudera Inc, Dave & Busters Entertainment Inc, 3D Systems Corp",0,www.proactiveinvestors.co.uk
668,0.0,Doubts over Royal wedding date,0,news.bbc.co.uk
662,0.0,Competition heats up for Portland queens,0,jamaica-gleaner.com
339,0.0,HP and DELL teaming to beat the entire storage market,1,hansdeleenheer.blogspot.co.uk
657,0.0,Apple Applies for Patent on Real-Time Censorship Technology,0,pitchfork.com
651,0.0,Mechanism of nicotine's learning effects explored,0,www.eurekalert.org
647,0.0,Oman donates $10m in aid to Japan quake efforts,0,www.arabianbusiness.com
369,0.0,Dental experts brought in to straighten 'crooked' Barnstaple roundabout stones,1,www.northdevonjournal.co.uk
646,0.0,Sir Alex Ferguson horse in Scottish Grand National bid,0,www.bbc.co.uk
644,0.0,JB Smoove’s Converge Media Inks First-Look Deal With Storyville,0,deadline.com
638,0.0,Glimpse behind the purple curtain,0,www.smh.com.au
636,0.0,Female genital mutilation banned in Eritrea,0,www.newscientist.com
361,0.0,Hot Boiling Water,1,allrecipes.com
627,0.0,Marvell Technology co-founders ousted,0,www.siliconbeat.com
625,0.0,US-China trade tariffs in charts,0,www.ft.com
577,0.0,Celtic 1-0 Hearts,0,news.bbc.co.uk
407,0.0,London’s Famous Gherkin Building Goes Green – Literally ,1,inhabitat.com
411,0.0,Google Reader Rises From The Grave With New (Material) Update v2.0 [APK Download],1,www.androidpolice.com
464,0.0,Andrew W.K. announces his own political party The Party Party,1,www.avclub.com
522,0.0,"Microsoft partners with world’s top banks on blockchain technology, seeking new uses for Bitcoin’s backbone",0,www.geekwire.com
447,0.0,National Air and Space Museum Announces Tribble Breeding Program,1,www.startrek.com
448,0.0,Colorful Fluid Dynamic Paint,1,www.symscape.com
518,0.0,Poll Results: 100% of Facebook Users Don't Actually Care About Privacy,1,pc.net
453,0.0,EXCLUSIVE: Mickey Mouse Set to Make Star Wars Debut!,1,www.costumesupercenter.com
457,0.0,Drug dealer busted after trying to trademark his dark web username,1,www.geek.com
460,0.0,Huge Pokémon Announcement: Chespin to be the new mascot!,1,www.toonzone.net
506,0.0,Italy Abandons the Euro. First Country to Go Fully on Virtual Currency,1,cassandralegacy.blogspot.co.uk
418,0.0,Apple iChip Rumors Surface,1,pc.net
504,0.0,Mario Clash for Virtual Boy coming to Nintendo 3DS!,1,www.sm128c.com
480,0.0,Chinese Construction Giant Reported To Have Strong Bid For Trump Border Wall,1,whatdoino-steve.blogspot.co.uk
496,0.0,Stonehenge Vortex Revealed by CFD,1,www.symscape.com
495,0.0,Pokemon GO Snap Is Coming To Nintendo Switch,1,press-start.com.au
494,0.0,Piers Morgan to become President Donald Trump’s Showbusiness Advisor,1,metro.co.uk
482,0.0,Clever 'Piracy' App Keeps Celebrity Embarrassments Off YouTube,1,torrentfreak.com
483,0.0,Dark Souls 3 Is Coming To The Nintendo Switch,1,mammothgamers.com
444,0.0,Snapchat's Valuation Reaches $1 Trillion,1,pc.net
526,0.0,China Doesn't Think The U.S. Is That Awesome,0,www.forbes.com
527,0.0,The do's and don'ts of swearing on a football pitch,0,www.telegraph.co.uk
529,0.0,Escorts eyes over $1 bn turnover by 2012,0,www.livemint.com
419,0.0,Arsenal and PUMA launch left-footed ball,1,www.arsenal.com
564,0.0,Wesemann Wins Tour of Flanders,0,www.roadcycling.com
427,0.0,Musk Putin Agree On $1.5 Trillion Trans-Eurasian Hyperloop,1,www.industrytap.com
559,0.0,Slovakia president wins election,0,news.bbc.co.uk
435,0.0,First Human Head Transplant a Success in Boston Patient in Good Condition,1,www.industrytap.com
556,0.0,Atmel unveils sensor film that could revolutionize touchscreens,0,venturebeat.com
554,0.0,Manchester City 4-1 Southampton,0,www.bbc.co.uk
553,0.0,The Biggest Mergers and Acquisitions in Technology,0,www.fool.com
437,0.0,Disney Announces TOMORROWLAND Remix Album,1,www.tomorrowlandtimes.com
550,0.0,Lawmakers Move to Update Nebraska's Voting Technology,0,www.usnews.com
545,0.0,Plastic-Bag Bans Gaining Momentum Around the World,0,news.nationalgeographic.com
543,0.0,"Unexplained sheep attacks 'caused by aliens in UFOs', farmers claim",0,www.telegraph.co.uk
542,0.0,Jimmy Mizen's parents back restorative justice calls,0,www.bbc.co.uk
440,0.0,Trump in advanced talks to buy AC Milan,1,forzaitalianfootball.com
533,0.0,Ferrari gearbox mysteries > F1 News > Grandprix.com,0,www.grandprix.com
674,0.0,"Ajinomoto Co., Inc. Completes Acquisition of Althea Technologies, Inc.",0,www.prnewswire.com
678,0.0,State school wins science contest with Red Palm Weevil project,0,www.timesofmalta.com
865,0.0,US President Obama: Bulgaria Is Valuable Energy Security Partner,0,www.novinite.com
226,0.0,Michael Jackson's Heart was left in San Francisco,1,www.thespoof.com
214,0.0,New Super Mario Bros. Wii - Secret Mission Unlocked,1,www.sm128c.com
216,0.0,Evidence Mounts for Water on the Moon ,1,apod.nasa.gov
816,0.0,Sandra Bullock preparing divorce papers for cheating husband Jesse James: report,0,www.nydailynews.com
220,0.0,Recent advances in science 2010,1,larryandteddy.blogspot.co.uk
803,0.0,HP Technology Fuels IndyCars to Checkered Flag,0,www.cgw.com
225,0.0,Hadron Collider II planned for Circle Line,1,www.independent.co.uk
801,0.0,New UAE law to use information technology in health services,0,www.emirates247.com
797,0.0,"George C. Reeves, Entertainment Lawyer and TV Producer, Dies at 78",0,variety.com
824,0.0,Iran partially lifts ban on women attending sports matches,0,english.alarabiya.net
789,0.0,Openly Gay Former Wrestler Dies at 40 in Apparent Suicide,0,www.foxnews.com
788,0.0,Sunday Sport newspaper owner in administration,0,www.business-sale.com
787,0.0,How carbon dioxide melted the world,0,www.nature.com
231,0.0,Gold Meteorites land in Ireland,1,www.thespoof.com
235,0.0,Associated Newspapers GMG to pool newsrooms,1,www.theregister.co.uk
239,0.0,Blackpool Tower to be Moved to London,1,www.thespoof.com
241,0.0,In Pinn destroyed during snow-storm,1,www.walkhighlands.co.uk
822,0.0,"MipTV: ‘Victoria,’ ‘Prime Suspect’ Among ITV Studios’ Robust Drama Sales",0,variety.com
828,0.0,David Broder and His Era,0,www.theatlantic.com
322,0.0,Dad Quiets Omicron Ceti ,1,apod.nasa.gov
203,0.0,Breaking: Rove to step aside from chat show,1,www.rovefeed.com
863,0.0,The Long-Term Impact of Fukushima,0,www.technologyreview.com
861,0.0,U.S. doesn’t rank high in religious diversity,0,www.pewresearch.org
859,0.0,Apple has been granted a patent for technology that automatically censors songs,0,consequenceofsound.net
188,0.0,Hair Care Tourism – 6 Destinations People are Going for Cheap Haircuts,1,www.bootsnall.com
194,0.0,Internet 'to be full by 2012',1,www.brisbanetimes.com.au
199,0.0,Not Only is ‘Cloverfield 2’ Happening…It’s Filming Right Now!,1,bloody-disgusting.com
851,0.0,Baltimore Orioles Owner Tops List of Baseball's Political Donors,0,www.usnews.com
843,0.0,"Herbert Alexander, 80, Scholar of Money in Politics, Is Dead",0,www.nytimes.com
829,0.0,Jackson's doc: King of Pop killed himself,0,www.nydailynews.com
841,0.0,Scouting For Girls score Easter Number One,0,www.nme.com
839,0.0,Dell to Acquire Modernization Specialist Make Technologies,0,www.pcworld.com
206,0.0, “People’s courts” an election issue,1,www.headoflegal.com
208,0.0,By ‘eck! Particle physicist to star in soap opera,1,blog.physicsworld.com
209,0.0,Madonna to Adopt South London Knife-Crime Baby,1,www.londonnet.co.uk
831,0.0,Tabu miffed with Upen Patel!,0,timesofindia.indiatimes.com
830,0.0,"Review: Nintendo DSi offers evolutionary, not revolutionary, upgrade over DS Lite",0,latimesblogs.latimes.com
779,0.0,Four survive Sydney chopper crash,0,www.smh.com.au
244,0.0,Palin Announces Conversion,1,whatdoino-steve.blogspot.co.uk
775,0.0,US military video showing 2007 Apache attack on Iraqi civilians released,0,www.telegraph.co.uk
694,0.0,Just who killed the classical music album?,0,www.smh.com.au
710,0.0,"Enzyme Finds, Fixes Flawed DNA",0,pubs.acs.org
709,0.0,Virgin Mobile to be bought by NTL,0,news.bbc.co.uk
708,0.0,Animalia hits world market,0,www.smh.com.au
301,0.0,"American Idol's Scotty McCreery Addresses The Rumor That He Is The ""Love Child"" of President George W. Bush",1,www.thespoof.com
304,0.0,BallHyped Obtains Bonds’ Shrinking Testicles Photos,1,ballhyped.com
306,0.0,"Australia to get 2022 World Cup, FIFA descends into chaos",1,www.theroar.com.au
697,0.0,Spotify Technology S.A.’s groundbreaking direct listing on the New York Stock Exchange – Global Legal Chronicle,0,www.globallegalchronicle.com
693,0.0,Jeremy Knowles Dies At 72,0,pubs.acs.org
772,0.0,Wrestler’s Widow Settles Suit With WWE,0,investorplace.com
309,0.0,Recent Advances in Science 2011,1,larryandteddy.blogspot.co.uk
689,0.0,2013 Mitsubishi Outlander Sport Photos and Info – News – Car and Driver,0,www.caranddriver.com
310,0.0,Asda sold 12.9p petrol by mistake in Bradford,1,www.bbc.co.uk
687,0.0,Global Religious Diversity,0,www.pewforum.org
684,0.0,World-Class Logistics Solutions providers MercuryGate and Banyan Technology Announce Integration Partnership,0,www.prnewswire.com
317,0.0,iPeed Home Pregnancy Test iPhone App,1,redtri.com
320,0.0,Nintendo Announces 3DS Game Card Adapter,1,www.sm128c.com
711,0.0,Boost for Entertainment One as Chinese children tickled pink by Peppa Pig,0,www.thetimes.co.uk
297,0.0,Tin Pei Ling announces on Facebook she's going to stand on top of moving MRT train!,1,izreloaded.blogspot.co.uk
293,0.0,W**k-O-Meter,1,www.theregister.co.uk
723,0.0,Chicago Author Uses ‘Sex’ to Penetrate Hollywood’s Filtering System,0,www.send2press.com
767,0.0,Nebraska voter identification measure stalls in Legislature,0,www.1011now.com
765,0.0,Eastern Youth - 365-Step Blues,0,www.punknews.org
488,0.0,New MH40C1 Concrete Over-Ear Headphones,1,blog.masterdynamic.com
762,0.0,Video: Silvio Berlusconi skips Nato photo and ceremony to talk on mobile phone,0,www.telegraph.co.uk
755,0.0,Sport Week: Introduction to wheelchair tennis,0,www.paralympic.org
754,0.0,Philanthropy: The politics of giving,0,www.nature.com
752,0.0,Transgenic Cows Resist Mastitis-Causing Bacteria : USDA ARS,0,www.ars.usda.gov
271,0.0,"Vatican ""Porn"" Collection to go Online",1,www.tk421.net
739,0.0,Commentary: Financial Empowerment for the Emerging Market Consumer,0,www.usnews.com
738,0.0,Al Qaeda says 7 suicide bombers struck Iraqi prison,0,www.chinadaily.com.cn
280,0.0,Unusual bow-tie penguins discovered off southern Chile,1,earthsky.org
730,0.0,Study: Immigration Bureaucracy a $30 Billion Burden to America,0,www.newsmax.com
728,0.0,Jonah Hill and Leonardo DiCaprio to Play Good Guys This Time,0,www.cheatsheet.com
727,0.0,"This 24-karat gold Nintendo Entertainment System can be yours for only $5,000",0,www.digitaltrends.com
725,0.0,"If There’s a U.S.-China Trade War, China May Have Some ‘Unconventional Weapons’",0,www.nytimes.com
520,0.0,"Leading business students expect technology will boost, not threaten, their careers",0,www.prnewswire.com
